id,name,email,country
1,Customer 1,customer1@example.com,US
2,Customer 2,customer2@example.com,US
3,Customer 3,customer3@example.com,UK
4,Customer 4,customer4@example.com,CA
5,Customer 5,customer5@example.com,CA
6,Customer 6,customer6@example.com,US
7,Customer 7,customer7@example.com,US
8,Customer 8,customer8@example.com,BR
9,Customer 9,customer9@example.com,US
10,Customer 10,customer10@example.com,AU
11,Customer 11,customer11@example.com,FR
12,Customer 12,customer12@example.com,US
13,Customer 13,customer13@example.com,US
14,Customer 14,customer14@example.com,US
15,Customer 15,customer15@example.com,CA
16,Customer 16,customer16@example.com,CA
17,Customer 17,customer17@example.com,BR
18,Customer 18,customer18@example.com,AU
19,Customer 19,customer19@example.com,US
20,Customer 20,customer20@example.com,BR
21,Customer 21,customer21@example.com,CA
22,Customer 22,customer22@example.com,BR
23,Customer 23,customer23@example.com,FR
24,Customer 24,customer24@example.com,CA
25,Customer 25,customer25@example.com,IN
26,Customer 26,customer26@example.com,AU
27,Customer 27,customer27@example.com,UK
28,Customer 28,customer28@example.com,US
29,Customer 29,customer29@example.com,US
30,Customer 30,customer30@example.com,FR
31,Customer 31,customer31@example.com,DE
32,Customer 32,customer32@example.com,UK
33,Customer 33,customer33@example.com,US
34,Customer 34,customer34@example.com,CA
35,Customer 35,customer35@example.com,DE
36,Customer 36,customer36@example.com,US
37,Customer 37,customer37@example.com,US
38,Customer 38,customer38@example.com,FR
39,Customer 39,customer39@example.com,US
40,Customer 40,customer40@example.com,DE
41,Customer 41,customer41@example.com,DE
42,Customer 42,customer42@example.com,AU
43,Customer 43,customer43@example.com,UK
44,Customer 44,customer44@example.com,US
45,Customer 45,customer45@example.com,IN
46,Customer 46,customer46@example.com,BR
47,Customer 47,customer47@example.com,US
48,Customer 48,customer48@example.com,FR
49,Customer 49,customer49@example.com,US
50,Customer 50,customer50@example.com,BR
51,Customer 51,customer51@example.com,UK
52,Customer 52,customer52@example.com,AU
53,Customer 53,customer53@example.com,DE
54,Customer 54,customer54@example.com,AU
55,Customer 55,customer55@example.com,CA
56,Customer 56,customer56@example.com,US
57,Customer 57,customer57@example.com,US
58,Customer 58,customer58@example.com,CA
59,Customer 59,customer59@example.com,UK
60,Customer 60,customer60@example.com,US
61,Customer 61,customer61@example.com,CA
62,Customer 62,customer62@example.com,US
63,Customer 63,customer63@example.com,FR
64,Customer 64,customer64@example.com,UK
65,Customer 65,customer65@example.com,IN
66,Customer 66,customer66@example.com,DE
67,Customer 67,customer67@example.com,US
68,Customer 68,customer68@example.com,DE
69,Customer 69,customer69@example.com,DE
70,Customer 70,customer70@example.com,CA
71,Customer 71,customer71@example.com,UK
72,Customer 72,customer72@example.com,US
73,Customer 73,customer73@example.com,AU
74,Customer 74,customer74@example.com,US
75,Customer 75,customer75@example.com,BR
76,Customer 76,customer76@example.com,CA
77,Customer 77,customer77@example.com,US
78,Customer 78,customer78@example.com,IN
79,Customer 79,customer79@example.com,FR
80,Customer 80,customer80@example.com,UK
81,Customer 81,customer81@example.com,BR
82,Customer 82,customer82@example.com,CA
83,Customer 83,customer83@example.com,DE
84,Customer 84,customer84@example.com,US
85,Customer 85,customer85@example.com,CA
86,Customer 86,customer86@example.com,US
87,Customer 87,customer87@example.com,DE
88,Customer 88,customer88@example.com,FR
89,Customer 89,customer89@example.com,UK
90,Customer 90,customer90@example.com,US
91,Customer 91,customer91@example.com,CA
92,Customer 92,customer92@example.com,AU
93,Customer 93,customer93@example.com,DE
94,Customer 94,customer94@example.com,CA
95,Customer 95,customer95@example.com,IN
96,Customer 96,customer96@example.com,FR
97,Customer 97,customer97@example.com,IN
98,Customer 98,customer98@example.com,US
99,Customer 99,customer99@example.com,UK
100,Customer 100,customer100@example.com,US
101,Customer 101,customer101@example.com,CA
102,Customer 102,customer102@example.com,BR
103,Customer 103,customer103@example.com,BR
104,Customer 104,customer104@example.com,UK
105,Customer 105,customer105@example.com,AU
106,Customer 106,customer106@example.com,FR
107,Customer 107,customer107@example.com,AU
108,Customer 108,customer108@example.com,FR
109,Customer 109,customer109@example.com,DE
110,Customer 110,customer110@example.com,CA
111,Customer 111,customer111@example.com,US
112,Customer 112,customer112@example.com,BR
113,Customer 113,customer113@example.com,IN
114,Customer 114,customer114@example.com,US
115,Customer 115,customer115@example.com,US
116,Customer 116,customer116@example.com,US
117,Customer 117,customer117@example.com,US
118,Customer 118,customer118@example.com,US
119,Customer 119,customer119@example.com,FR
120,Customer 120,customer120@example.com,AU
121,Customer 121,customer121@example.com,US
122,Customer 122,customer122@example.com,FR
123,Customer 123,customer123@example.com,FR
124,Customer 124,customer124@example.com,AU
125,Customer 125,customer125@example.com,IN
126,Customer 126,customer126@example.com,BR
127,Customer 127,customer127@example.com,UK
128,Customer 128,customer128@example.com,BR
129,Customer 129,customer129@example.com,US
130,Customer 130,customer130@example.com,US
131,Customer 131,customer131@example.com,BR
132,Customer 132,customer132@example.com,UK
133,Customer 133,customer133@example.com,DE
134,Customer 134,customer134@example.com,US
135,Customer 135,customer135@example.com,UK
136,Customer 136,customer136@example.com,FR
137,Customer 137,customer137@example.com,US
138,Customer 138,customer138@example.com,IN
139,Customer 139,customer139@example.com,US
140,Customer 140,customer140@example.com,UK
141,Customer 141,customer141@example.com,BR
142,Customer 142,customer142@example.com,US
143,Customer 143,customer143@example.com,BR
144,Customer 144,customer144@example.com,US
145,Customer 145,customer145@example.com,UK
146,Customer 146,customer146@example.com,BR
147,Customer 147,customer147@example.com,AU
148,Customer 148,customer148@example.com,CA
149,Customer 149,customer149@example.com,US
150,Customer 150,customer150@example.com,DE
151,Customer 151,customer151@example.com,US
152,Customer 152,customer152@example.com,BR
153,Customer 153,customer153@example.com,BR
154,Customer 154,customer154@example.com,US
155,Customer 155,customer155@example.com,AU
156,Customer 156,customer156@example.com,DE
157,Customer 157,customer157@example.com,IN
158,Customer 158,customer158@example.com,US
159,Customer 159,customer159@example.com,US
160,Customer 160,customer160@example.com,DE
161,Customer 161,customer161@example.com,UK
162,Customer 162,customer162@example.com,CA
163,Customer 163,customer163@example.com,US
164,Customer 164,customer164@example.com,CA
165,Customer 165,customer165@example.com,AU
166,Customer 166,customer166@example.com,US
167,Customer 167,customer167@example.com,US
168,Customer 168,customer168@example.com,IN
169,Customer 169,customer169@example.com,US
170,Customer 170,customer170@example.com,BR
171,Customer 171,customer171@example.com,US
172,Customer 172,customer172@example.com,US
173,Customer 173,customer173@example.com,IN
174,Customer 174,customer174@example.com,BR
175,Customer 175,customer175@example.com,US
176,Customer 176,customer176@example.com,UK
177,Customer 177,customer177@example.com,BR
178,Customer 178,customer178@example.com,AU
179,Customer 179,customer179@example.com,FR
180,Customer 180,customer180@example.com,CA
181,Customer 181,customer181@example.com,BR
182,Customer 182,customer182@example.com,CA
183,Customer 183,customer183@example.com,UK
184,Customer 184,customer184@example.com,FR
185,Customer 185,customer185@example.com,DE
186,Customer 186,customer186@example.com,IN
187,Customer 187,customer187@example.com,BR
188,Customer 188,customer188@example.com,IN
189,Customer 189,customer189@example.com,US
190,Customer 190,customer190@example.com,CA
191,Customer 191,customer191@example.com,CA
192,Customer 192,customer192@example.com,US
193,Customer 193,customer193@example.com,DE
194,Customer 194,customer194@example.com,US
195,Customer 195,customer195@example.com,AU
196,Customer 196,customer196@example.com,BR
197,Customer 197,customer197@example.com,CA
198,Customer 198,customer198@example.com,AU
199,Customer 199,customer199@example.com,CA
200,Customer 200,customer200@example.com,US
201,Customer 201,customer201@example.com,US
202,Customer 202,customer202@example.com,US
203,Customer 203,customer203@example.com,CA
204,Customer 204,customer204@example.com,US
205,Customer 205,customer205@example.com,US
206,Customer 206,customer206@example.com,DE
207,Customer 207,customer207@example.com,US
208,Customer 208,customer208@example.com,BR
209,Customer 209,customer209@example.com,CA
210,Customer 210,customer210@example.com,UK
211,Customer 211,customer211@example.com,IN
212,Customer 212,customer212@example.com,CA
213,Customer 213,customer213@example.com,BR
214,Customer 214,customer214@example.com,US
215,Customer 215,customer215@example.com,AU
216,Customer 216,customer216@example.com,AU
217,Customer 217,customer217@example.com,IN
218,Customer 218,customer218@example.com,CA
219,Customer 219,customer219@example.com,IN
220,Customer 220,customer220@example.com,FR
221,Customer 221,customer221@example.com,CA
222,Customer 222,customer222@example.com,US
223,Customer 223,customer223@example.com,US
224,Customer 224,customer224@example.com,FR
225,Customer 225,customer225@example.com,DE
226,Customer 226,customer226@example.com,FR
227,Customer 227,customer227@example.com,FR
228,Customer 228,customer228@example.com,IN
229,Customer 229,customer229@example.com,US
230,Customer 230,customer230@example.com,US
231,Customer 231,customer231@example.com,US
232,Customer 232,customer232@example.com,FR
233,Customer 233,customer233@example.com,DE
234,Customer 234,customer234@example.com,US
235,Customer 235,customer235@example.com,CA
236,Customer 236,customer236@example.com,CA
237,Customer 237,customer237@example.com,CA
238,Customer 238,customer238@example.com,BR
239,Customer 239,customer239@example.com,IN
240,Customer 240,customer240@example.com,US
241,Customer 241,customer241@example.com,FR
242,Customer 242,customer242@example.com,US
243,Customer 243,customer243@example.com,UK
244,Customer 244,customer244@example.com,IN
245,Customer 245,customer245@example.com,CA
246,Customer 246,customer246@example.com,US
247,Customer 247,customer247@example.com,IN
248,Customer 248,customer248@example.com,BR
249,Customer 249,customer249@example.com,US
250,Customer 250,customer250@example.com,US
251,Customer 251,customer251@example.com,BR
252,Customer 252,customer252@example.com,US
253,Customer 253,customer253@example.com,US
254,Customer 254,customer254@example.com,CA
255,Customer 255,customer255@example.com,US
256,Customer 256,customer256@example.com,FR
257,Customer 257,customer257@example.com,IN
258,Customer 258,customer258@example.com,IN
259,Customer 259,customer259@example.com,CA
260,Customer 260,customer260@example.com,FR
261,Customer 261,customer261@example.com,US
262,Customer 262,customer262@example.com,US
263,Customer 263,customer263@example.com,FR
264,Customer 264,customer264@example.com,US
265,Customer 265,customer265@example.com,FR
266,Customer 266,customer266@example.com,UK
267,Customer 267,customer267@example.com,IN
268,Customer 268,customer268@example.com,UK
269,Customer 269,customer269@example.com,FR
270,Customer 270,customer270@example.com,BR
271,Customer 271,customer271@example.com,IN
272,Customer 272,customer272@example.com,US
273,Customer 273,customer273@example.com,CA
274,Customer 274,customer274@example.com,UK
275,Customer 275,customer275@example.com,CA
276,Customer 276,customer276@example.com,US
277,Customer 277,customer277@example.com,AU
278,Customer 278,customer278@example.com,BR
279,Customer 279,customer279@example.com,US
280,Customer 280,customer280@example.com,DE
281,Customer 281,customer281@example.com,US
282,Customer 282,customer282@example.com,US
283,Customer 283,customer283@example.com,AU
284,Customer 284,customer284@example.com,IN
285,Customer 285,customer285@example.com,BR
286,Customer 286,customer286@example.com,BR
287,Customer 287,customer287@example.com,US
288,Customer 288,customer288@example.com,US
289,Customer 289,customer289@example.com,BR
290,Customer 290,customer290@example.com,US
291,Customer 291,customer291@example.com,US
292,Customer 292,customer292@example.com,US
293,Customer 293,customer293@example.com,AU
294,Customer 294,customer294@example.com,US
295,Customer 295,customer295@example.com,CA
296,Customer 296,customer296@example.com,FR
297,Customer 297,customer297@example.com,US
298,Customer 298,customer298@example.com,AU
299,Customer 299,customer299@example.com,CA
300,Customer 300,customer300@example.com,AU
