id,customer_id,product_id,total,status
1,80,16,865.28,completed
2,212,2,183.46,completed
3,211,43,864.74,completed
4,137,11,788.44,completed
5,196,3,859.3,completed
6,103,30,352.91,completed
7,115,2,661.73,pending
8,169,18,865.03,completed
9,180,42,511.86,cancelled
10,170,2,119.77,completed
11,92,38,962.72,completed
12,20,7,598.59,completed
13,161,28,608.18,cancelled
14,60,25,900.01,completed
15,131,3,710.24,completed
16,267,35,688.42,completed
17,187,28,74.62,completed
18,161,43,848.78,completed
19,260,20,668.56,completed
20,207,45,299.18,completed
21,99,27,666.6,pending
22,90,40,571.26,pending
23,281,1,307.36,completed
24,221,38,608.63,completed
25,239,29,444.95,completed
26,262,31,794.77,completed
27,44,19,517.87,cancelled
28,172,6,819.33,completed
29,159,15,807.53,completed
30,13,3,248.62,pending
31,38,30,417.37,cancelled
32,100,46,697.87,pending
33,205,16,151.83,completed
34,55,50,428.02,completed
35,266,30,54.97,completed
36,63,30,137.67,pending
37,272,36,597.48,pending
38,259,28,831.42,cancelled
39,229,11,744.94,pending
40,231,17,753.02,completed
41,267,32,628.61,completed
42,226,5,714.98,completed
43,140,22,323.11,cancelled
44,42,9,155.08,pending
45,79,46,217.88,pending
46,209,22,544.9,pending
47,32,14,833.73,pending
48,300,45,24.43,cancelled
49,195,31,10.87,completed
50,153,49,393.04,pending
51,276,48,735.96,cancelled
52,113,32,223.32,pending
53,249,2,391.91,pending
54,85,30,919.94,cancelled
55,274,2,907.39,cancelled
56,289,43,31.97,pending
57,70,30,185.82,completed
58,195,21,215.6,completed
59,173,49,880.24,completed
60,216,17,835.74,pending
61,10,48,541.72,completed
62,115,42,73.28,completed
63,16,16,203.36,completed
64,79,16,130.59,completed
65,289,14,467.71,completed
66,189,11,607.86,completed
67,84,20,112.56,completed
68,160,37,678.96,pending
69,204,46,202.34,cancelled
70,125,7,698.71,completed
71,62,37,783.72,completed
72,273,28,663.21,completed
73,260,42,344.53,pending
74,251,7,436.36,completed
75,236,46,157.23,completed
76,268,42,273.73,cancelled
77,248,30,438.4,cancelled
78,138,21,852.45,completed
79,143,29,247.64,pending
80,292,40,669.85,completed
81,15,32,851.7,completed
82,250,14,358.05,completed
83,175,18,880.92,completed
84,285,1,519.04,completed
85,44,16,721.47,pending
86,285,49,244.12,pending
87,252,29,793.97,completed
88,151,15,407.38,completed
89,157,43,583.65,pending
90,284,34,347.04,cancelled
91,170,23,704.34,completed
92,157,17,234.39,completed
93,162,8,744.17,completed
94,99,14,739.91,completed
95,269,39,286.58,completed
96,100,19,231.35,completed
97,155,1,709.48,completed
98,141,3,974.42,cancelled
99,150,45,944.37,pending
100,53,1,576.19,pending
101,246,29,344.0,completed
102,130,31,118.52,completed
103,206,32,78.71,completed
104,78,10,812.09,completed
105,44,16,122.86,pending
106,116,50,524.96,pending
107,227,20,860.87,pending
108,157,37,622.92,cancelled
109,51,49,211.75,completed
110,136,43,85.78,completed
111,89,36,79.69,completed
112,210,29,690.92,pending
113,150,3,235.32,completed
114,233,5,688.95,completed
115,102,28,119.2,completed
116,77,18,827.5,completed
117,31,11,793.67,cancelled
118,292,19,441.96,pending
119,156,45,405.5,completed
120,257,35,496.33,completed
121,21,28,735.86,cancelled
122,129,2,95.87,cancelled
123,11,49,673.92,completed
124,296,3,764.29,completed
125,241,34,653.25,completed
126,93,38,438.71,pending
127,47,31,351.22,completed
128,165,43,109.08,completed
129,169,27,695.21,completed
130,206,49,552.35,pending
131,46,21,256.14,completed
132,207,33,825.8,completed
133,278,30,416.18,completed
134,266,24,624.52,pending
135,227,49,56.35,completed
136,282,9,928.03,pending
137,249,8,33.73,cancelled
138,123,46,162.59,cancelled
139,8,36,410.95,completed
140,59,30,947.33,completed
141,256,46,295.4,completed
142,213,31,980.34,completed
143,234,36,148.92,completed
144,261,48,879.93,completed
145,142,50,791.06,pending
146,175,33,270.84,completed
147,145,47,302.06,cancelled
148,297,43,492.19,completed
149,229,35,486.92,completed
150,283,49,545.71,pending
151,165,13,980.87,completed
152,293,25,237.39,pending
153,23,21,745.98,pending
154,198,43,793.43,completed
155,254,3,130.62,cancelled
156,170,7,874.82,pending
157,52,34,910.89,completed
158,74,27,871.58,completed
159,39,31,782.62,completed
160,174,40,694.24,completed
161,169,44,860.05,pending
162,163,41,720.12,pending
163,278,3,619.37,completed
164,148,15,748.03,pending
165,51,49,635.58,completed
166,228,11,695.53,completed
167,24,21,797.16,completed
168,184,24,433.53,completed
169,272,27,568.1,completed
170,88,12,83.57,pending
171,124,32,913.26,completed
172,119,30,639.72,pending
173,131,43,14.35,pending
174,148,44,548.87,completed
175,227,23,987.71,completed
176,218,45,253.85,completed
177,102,25,854.07,completed
178,122,25,574.06,cancelled
179,152,45,298.75,pending
180,141,1,568.1,completed
181,255,19,776.86,completed
182,181,15,638.43,cancelled
183,129,44,756.8,completed
184,50,41,648.11,completed
185,226,3,581.68,completed
186,47,19,330.09,pending
187,90,13,136.5,cancelled
188,188,34,504.29,completed
189,85,17,914.48,pending
190,152,48,871.04,completed
191,240,5,145.05,completed
192,204,36,368.95,pending
193,8,17,538.89,pending
194,189,44,750.27,completed
195,300,25,823.31,completed
196,56,44,237.65,completed
197,288,21,915.68,completed
198,33,41,824.74,completed
199,210,8,144.08,completed
200,156,32,120.54,completed
201,276,9,391.7,completed
202,277,27,589.4,completed
203,213,42,103.53,pending
204,209,18,37.55,completed
205,112,29,447.47,completed
206,186,7,981.02,completed
207,279,42,361.88,pending
208,142,13,968.37,pending
209,47,43,216.05,cancelled
210,11,4,787.86,completed
211,65,37,209.18,cancelled
212,107,38,219.87,completed
213,169,50,151.82,cancelled
214,2,18,859.11,completed
215,67,35,254.4,completed
216,57,43,867.12,completed
217,8,23,791.03,completed
218,166,2,178.37,completed
219,65,48,423.86,completed
220,33,31,451.03,completed
221,263,38,113.51,cancelled
222,114,40,48.15,cancelled
223,155,30,645.12,completed
224,32,31,848.06,pending
225,56,32,713.84,pending
226,38,6,325.5,completed
227,34,9,278.64,cancelled
228,281,46,328.56,cancelled
229,272,19,456.45,cancelled
230,221,7,794.13,completed
231,283,47,866.16,pending
232,232,15,416.74,pending
233,205,27,730.96,completed
234,219,21,666.78,completed
235,79,44,923.37,completed
236,47,6,97.76,completed
237,191,9,558.59,cancelled
238,288,36,333.0,completed
239,211,23,874.24,pending
240,27,19,602.41,completed
241,54,37,509.88,completed
242,247,15,848.04,completed
243,285,24,119.31,completed
244,294,15,808.19,cancelled
245,286,2,610.95,completed
246,15,12,276.9,completed
247,174,23,11.08,completed
248,290,43,403.78,completed
249,16,6,747.38,completed
250,193,27,456.38,completed
251,190,20,722.99,cancelled
252,44,4,159.8,cancelled
253,26,44,86.17,pending
254,218,32,609.04,pending
255,140,14,756.17,completed
256,177,28,115.34,cancelled
257,250,34,668.8,completed
258,113,26,984.52,completed
259,4,14,304.91,completed
260,71,49,259.24,completed
261,62,1,499.9,pending
262,90,9,383.31,completed
263,257,36,834.19,completed
264,37,26,862.46,completed
265,224,2,462.46,completed
266,161,37,432.14,pending
267,214,19,119.6,completed
268,167,11,802.32,cancelled
269,236,45,920.17,completed
270,224,7,247.1,cancelled
271,206,34,83.25,completed
272,174,15,336.4,completed
273,40,33,635.06,cancelled
274,262,13,906.39,completed
275,180,47,958.43,completed
276,121,7,150.71,completed
277,89,39,157.11,completed
278,91,50,629.81,pending
279,289,49,581.57,cancelled
280,166,41,319.56,pending
281,35,31,445.0,completed
282,141,38,60.89,cancelled
283,38,20,464.43,completed
284,30,24,832.54,completed
285,47,40,596.11,pending
286,237,38,556.54,completed
287,231,37,653.58,completed
288,244,33,155.11,completed
289,231,7,811.91,completed
290,44,33,647.9,completed
291,127,46,440.57,pending
292,269,34,611.76,completed
293,191,19,390.48,completed
294,27,41,649.07,completed
295,169,7,560.17,pending
296,146,17,725.11,cancelled
297,77,22,86.09,completed
298,180,20,967.86,pending
299,67,39,710.29,completed
300,159,36,379.8,completed
301,66,43,704.32,cancelled
302,48,42,672.1,cancelled
303,186,2,365.78,completed
304,110,22,947.93,pending
305,99,15,999.98,completed
306,40,19,845.21,completed
307,260,50,542.07,cancelled
308,20,43,340.08,cancelled
309,68,39,379.84,completed
310,93,45,772.24,completed
311,225,3,413.8,completed
312,228,40,288.5,pending
313,120,35,242.97,pending
314,100,24,679.92,cancelled
315,226,30,770.59,pending
316,258,34,421.57,completed
317,103,39,142.71,completed
318,27,42,483.19,completed
319,284,7,712.84,cancelled
320,64,19,88.46,completed
321,140,29,905.78,completed
322,224,6,946.68,completed
323,231,23,930.82,pending
324,28,26,504.5,completed
325,198,6,378.04,completed
326,164,7,839.98,completed
327,75,9,43.11,pending
328,72,49,707.01,pending
329,3,6,23.91,completed
330,77,36,940.52,cancelled
331,271,28,115.63,completed
332,122,20,126.24,completed
333,215,41,794.93,pending
334,33,8,837.5,pending
335,275,2,633.8,cancelled
336,124,46,147.86,pending
337,1,40,356.05,cancelled
338,214,12,666.05,completed
339,269,24,72.34,cancelled
340,279,33,787.48,cancelled
341,284,2,393.5,pending
342,23,41,389.95,completed
343,130,48,21.16,completed
344,177,16,734.28,completed
345,298,48,757.9,completed
346,23,23,548.28,completed
347,238,45,481.14,completed
348,70,5,717.46,pending
349,19,19,205.58,completed
350,22,21,933.7,cancelled
351,204,35,476.03,completed
352,98,19,360.19,completed
353,170,18,128.85,completed
354,224,26,744.59,pending
355,174,12,498.72,pending
356,189,34,270.39,completed
357,218,6,433.45,completed
358,280,19,324.61,completed
359,168,43,299.16,pending
360,219,11,691.32,completed
361,229,3,728.18,completed
362,223,18,641.27,completed
363,39,43,639.32,completed
364,263,48,681.01,completed
365,74,39,679.7,pending
366,18,9,71.9,completed
367,186,25,949.72,completed
368,79,44,452.67,completed
369,191,29,764.27,cancelled
370,71,34,370.12,completed
371,143,16,960.72,completed
372,96,32,520.16,cancelled
373,61,17,776.09,pending
374,110,40,289.15,pending
375,103,8,140.05,completed
376,232,12,899.19,pending
377,45,44,967.72,completed
378,178,46,69.61,cancelled
379,149,20,852.11,completed
380,186,33,228.12,completed
381,72,16,791.42,completed
382,185,36,574.42,pending
383,283,9,613.89,completed
384,34,20,401.17,pending
385,270,27,770.32,cancelled
386,38,9,972.52,completed
387,231,30,681.71,completed
388,66,50,553.55,cancelled
389,94,50,966.43,pending
390,258,4,832.23,cancelled
391,79,20,168.83,completed
392,116,23,947.75,cancelled
393,146,6,254.35,cancelled
394,141,9,626.9,cancelled
395,274,6,505.06,completed
396,298,10,175.34,cancelled
397,173,37,45.99,completed
398,42,3,948.8,cancelled
399,136,42,214.75,cancelled
400,214,40,640.8,pending
401,280,19,643.7,completed
402,248,16,805.66,pending
403,153,30,77.61,completed
404,81,29,418.54,pending
405,105,22,608.63,completed
406,164,47,988.08,completed
407,205,9,761.86,cancelled
408,288,7,322.52,pending
409,63,18,452.35,completed
410,50,4,293.76,pending
411,215,16,962.87,completed
412,168,37,722.52,completed
413,82,32,995.99,pending
414,256,20,499.88,completed
415,202,33,459.94,completed
416,111,38,356.13,completed
417,145,32,599.53,pending
418,147,35,13.14,completed
419,221,9,883.04,completed
420,207,24,50.02,completed
421,292,36,198.68,cancelled
422,148,5,389.42,pending
423,282,18,826.18,cancelled
424,61,9,975.21,pending
425,192,22,560.04,completed
426,74,13,604.45,pending
427,257,3,50.08,completed
428,171,31,521.74,completed
429,264,9,331.33,cancelled
430,164,11,395.99,cancelled
431,154,38,339.69,cancelled
432,273,32,710.2,completed
433,244,2,371.52,completed
434,214,38,311.14,completed
435,243,17,967.24,cancelled
436,296,15,722.79,cancelled
437,246,11,526.61,cancelled
438,195,10,822.55,completed
439,17,37,948.46,completed
440,98,2,443.83,pending
441,78,27,692.05,pending
442,257,50,613.42,pending
443,32,46,142.39,completed
444,288,21,998.13,pending
445,270,25,317.18,completed
446,236,35,345.62,completed
447,136,40,486.76,completed
448,143,36,302.01,completed
449,148,46,211.24,pending
450,163,31,352.06,completed
451,148,8,575.61,cancelled
452,195,26,819.29,completed
453,149,3,291.19,completed
454,178,29,657.69,pending
455,110,13,828.81,completed
456,288,45,275.26,completed
457,123,16,55.51,cancelled
458,116,41,236.67,completed
459,212,22,718.77,completed
460,71,1,964.7,completed
461,209,42,935.36,pending
462,245,42,203.46,completed
463,165,19,647.67,completed
464,294,15,537.48,completed
465,90,27,882.83,completed
466,19,26,789.02,completed
467,149,3,14.22,cancelled
468,55,22,288.14,cancelled
469,269,32,889.81,completed
470,259,30,276.47,completed
471,170,11,732.46,completed
472,96,1,737.93,completed
473,291,44,758.5,completed
474,208,28,517.7,completed
475,206,43,99.91,completed
476,245,21,936.15,completed
477,134,25,239.34,completed
478,169,20,584.55,cancelled
479,6,17,655.41,completed
480,32,43,122.63,completed
481,82,26,687.64,completed
482,61,41,916.55,completed
483,189,40,224.74,completed
484,245,10,457.7,cancelled
485,192,27,703.43,pending
486,276,43,826.48,completed
487,42,34,449.51,completed
488,40,37,116.65,cancelled
489,259,13,574.84,completed
490,85,21,855.21,pending
491,60,44,209.37,cancelled
492,251,6,899.39,pending
493,29,30,136.28,pending
494,234,37,62.45,pending
495,158,47,26.66,completed
496,2,48,221.81,completed
497,24,28,347.81,completed
498,278,4,934.91,completed
499,242,3,290.66,completed
500,70,50,643.32,pending
501,192,25,451.29,pending
502,193,6,684.32,cancelled
503,69,42,860.99,completed
504,92,35,396.09,completed
505,115,1,757.4,completed
506,238,44,720.5,pending
507,273,25,824.24,completed
508,236,23,159.35,completed
509,58,3,810.43,pending
510,9,16,210.05,completed
511,18,29,599.8,completed
512,126,48,49.02,pending
513,120,35,221.18,completed
514,72,33,993.52,completed
515,295,21,579.59,completed
516,122,20,876.88,cancelled
517,114,27,304.0,completed
518,286,38,880.32,completed
519,219,36,498.14,completed
520,196,34,322.14,pending
521,210,10,303.39,completed
522,276,31,244.76,completed
523,154,46,148.63,pending
524,30,36,415.61,pending
525,286,34,138.42,completed
526,131,14,333.61,completed
527,231,24,97.0,completed
528,27,18,380.28,cancelled
529,21,5,192.22,cancelled
530,287,14,482.0,completed
531,156,1,215.75,completed
532,61,48,999.57,pending
533,125,45,606.38,completed
534,204,16,554.32,completed
535,195,30,535.98,completed
536,158,17,362.85,pending
537,239,7,803.8,pending
538,164,14,373.85,pending
539,24,37,864.76,completed
540,9,17,555.55,cancelled
541,297,47,420.49,completed
542,101,22,233.87,cancelled
543,126,32,552.89,completed
544,132,49,822.48,pending
545,236,11,734.11,completed
546,87,9,721.71,pending
547,95,35,990.37,completed
548,269,3,839.87,completed
549,25,49,11.35,completed
550,119,5,708.63,completed
551,112,33,458.73,completed
552,248,43,490.42,completed
553,273,36,414.28,completed
554,272,47,278.37,completed
555,9,33,814.09,pending
556,92,7,918.46,cancelled
557,77,16,195.97,cancelled
558,130,23,270.99,pending
559,41,24,959.5,pending
560,290,16,990.28,completed
561,154,44,828.92,completed
562,17,6,408.25,pending
563,283,31,60.83,completed
564,88,6,502.36,pending
565,170,37,977.44,completed
566,271,3,233.62,cancelled
567,244,18,51.33,completed
568,144,35,565.69,completed
569,92,21,20.58,completed
570,74,49,821.59,pending
571,40,20,166.64,completed
572,291,25,678.65,cancelled
573,170,25,756.83,completed
574,41,33,746.73,completed
575,28,7,439.9,completed
576,175,39,770.16,cancelled
577,204,50,329.74,completed
578,231,32,232.0,cancelled
579,193,28,189.81,cancelled
580,195,6,773.31,completed
581,127,46,78.14,completed
582,79,25,713.12,completed
583,200,21,363.9,completed
584,3,20,447.51,completed
585,53,9,91.86,pending
586,230,36,556.97,pending
587,53,2,94.17,cancelled
588,48,39,600.05,completed
589,198,1,295.39,pending
590,44,47,901.63,completed
591,293,34,173.74,pending
592,87,9,272.57,completed
593,253,10,67.95,pending
594,142,27,303.25,completed
595,185,17,944.5,pending
596,101,30,111.44,completed
597,4,26,335.56,cancelled
598,195,22,443.02,pending
599,70,20,324.06,completed
600,246,21,181.75,pending
601,164,19,736.2,pending
602,295,16,329.26,completed
603,202,24,118.32,cancelled
604,103,38,997.28,completed
605,282,2,953.24,pending
606,108,29,798.7,completed
607,210,44,501.81,completed
608,124,17,660.37,pending
609,194,5,451.82,cancelled
610,246,38,403.8,cancelled
611,215,35,41.58,completed
612,275,39,639.99,completed
613,56,50,251.99,completed
614,86,42,614.61,cancelled
615,205,49,334.94,pending
616,55,1,103.11,completed
617,262,48,521.2,cancelled
618,295,15,448.55,pending
619,238,50,681.16,cancelled
620,78,23,997.71,pending
621,54,19,418.9,completed
622,60,47,145.97,completed
623,176,30,785.35,cancelled
624,248,23,478.78,pending
625,232,21,71.84,completed
626,59,2,849.93,completed
627,85,48,247.69,completed
628,283,11,334.33,pending
629,237,15,798.77,completed
630,96,41,659.02,pending
631,15,48,616.04,completed
632,231,38,432.41,completed
633,110,14,281.95,completed
634,296,7,800.5,cancelled
635,96,24,329.35,pending
636,59,17,672.35,pending
637,271,41,316.84,pending
638,201,38,118.66,completed
639,235,40,176.66,completed
640,44,44,138.28,completed
641,123,20,121.36,completed
642,73,33,391.52,cancelled
643,71,37,386.79,completed
644,250,41,539.69,completed
645,285,11,492.19,completed
646,96,21,842.78,cancelled
647,28,23,952.08,pending
648,70,13,816.14,cancelled
649,259,42,497.49,pending
650,213,46,840.69,pending
651,86,6,567.57,completed
652,150,3,278.48,cancelled
653,148,11,781.84,cancelled
654,254,36,513.25,cancelled
655,59,18,776.24,completed
656,278,49,46.4,pending
657,280,14,989.83,completed
658,127,20,875.44,completed
659,231,17,351.83,completed
660,225,8,776.75,completed
661,108,48,589.98,completed
662,220,11,618.07,completed
663,106,4,572.22,cancelled
664,144,39,541.07,completed
665,150,19,574.87,cancelled
666,49,9,962.96,pending
667,31,18,867.71,completed
668,68,16,150.51,completed
669,127,49,844.34,pending
670,251,10,579.54,completed
671,213,25,454.73,completed
672,207,33,751.05,completed
673,233,32,330.65,completed
674,48,47,972.29,completed
675,33,35,400.73,pending
676,109,32,272.19,completed
677,173,36,580.04,cancelled
678,249,22,894.68,completed
679,24,7,628.05,pending
680,9,8,929.79,completed
681,226,30,5.67,pending
682,104,45,909.86,completed
683,82,18,97.87,completed
684,129,6,374.98,completed
685,27,26,627.48,completed
686,220,42,95.74,completed
687,1,14,479.42,completed
688,116,34,681.58,completed
689,5,45,346.86,completed
690,217,45,136.51,completed
691,118,25,93.88,completed
692,53,21,370.72,completed
693,71,25,774.59,completed
694,74,5,532.86,completed
695,85,29,354.43,completed
696,78,27,618.0,pending
697,112,6,897.11,completed
698,64,38,731.36,completed
699,220,21,792.12,completed
700,142,42,88.83,cancelled
701,146,50,941.57,completed
702,155,14,520.16,cancelled
703,97,48,394.79,completed
704,123,32,388.96,completed
705,256,41,595.96,cancelled
706,7,24,934.25,completed
707,199,37,423.76,cancelled
708,89,49,473.66,completed
709,9,38,72.19,completed
710,111,3,922.97,pending
711,260,19,630.43,cancelled
712,213,28,703.3,completed
713,275,35,617.97,completed
714,43,20,83.63,completed
715,80,35,330.12,cancelled
716,34,20,700.18,completed
717,30,16,90.78,pending
718,60,30,614.24,completed
719,159,43,742.99,completed
720,62,1,709.36,completed
721,84,32,953.25,cancelled
722,265,47,262.95,completed
723,65,48,782.22,completed
724,61,50,900.4,completed
725,220,18,526.23,completed
726,296,41,81.68,pending
727,262,24,60.16,cancelled
728,86,24,161.52,completed
729,294,44,724.16,completed
730,261,1,48.82,completed
731,126,3,474.41,pending
732,77,12,931.5,completed
733,284,46,741.96,pending
734,115,21,252.02,completed
735,139,5,573.68,completed
736,258,44,902.43,completed
737,115,34,981.51,pending
738,36,30,866.7,completed
739,168,6,555.33,completed
740,189,13,295.14,completed
741,125,30,371.43,pending
742,101,47,900.94,completed
743,78,1,932.74,completed
744,120,35,349.69,completed
745,172,1,760.13,pending
746,158,7,209.17,completed
747,215,32,961.38,completed
748,144,6,48.68,completed
749,267,27,702.34,completed
750,235,48,89.48,completed
751,259,9,639.03,pending
752,39,38,569.98,pending
753,67,16,295.22,completed
754,202,45,832.74,completed
755,163,29,275.6,completed
756,104,9,781.04,cancelled
757,56,10,110.13,pending
758,239,21,409.48,cancelled
759,184,50,211.6,completed
760,238,17,853.22,completed
761,81,44,307.69,cancelled
762,21,14,836.75,completed
763,76,6,712.6,completed
764,203,33,53.71,completed
765,134,12,35.93,pending
766,232,36,749.34,completed
767,49,30,106.4,completed
768,63,1,66.36,completed
769,67,13,824.56,completed
770,44,38,588.19,completed
771,12,5,201.76,pending
772,66,6,905.55,completed
773,63,3,942.57,completed
774,87,37,435.99,pending
775,255,2,385.82,pending
776,89,23,218.64,completed
777,141,18,448.78,completed
778,18,40,621.08,completed
779,152,32,414.93,cancelled
780,246,4,92.28,pending
781,71,27,203.46,cancelled
782,128,41,994.12,cancelled
783,10,25,783.01,completed
784,246,35,782.53,completed
785,290,33,325.0,completed
786,93,2,322.28,completed
787,16,50,284.53,pending
788,272,23,768.01,completed
789,82,7,251.62,completed
790,137,35,817.2,completed
791,113,37,847.27,pending
792,182,12,180.22,cancelled
793,163,48,699.14,cancelled
794,15,46,702.06,cancelled
795,289,10,565.29,completed
796,253,35,312.51,pending
797,20,6,60.89,cancelled
798,113,2,528.82,completed
799,170,40,205.46,completed
800,175,46,181.57,completed
801,31,2,151.97,completed
802,57,34,861.37,completed
803,192,46,942.21,pending
804,52,22,305.26,completed
805,81,47,948.95,pending
806,163,12,708.65,cancelled
807,183,15,667.2,completed
808,194,20,735.32,completed
809,66,12,730.19,cancelled
810,201,50,965.36,completed
811,94,39,321.63,cancelled
812,114,41,567.72,pending
813,73,22,746.62,completed
814,178,21,172.05,completed
815,172,29,16.34,completed
816,128,45,72.46,completed
817,56,47,6.27,pending
818,225,47,422.55,completed
819,212,32,882.36,completed
820,280,25,105.92,pending
821,296,42,759.45,completed
822,84,29,78.34,completed
823,151,2,322.12,completed
824,38,22,174.25,pending
825,83,47,79.63,completed
826,174,39,985.35,pending
827,16,28,942.73,completed
828,223,11,58.29,completed
829,106,13,412.23,cancelled
830,277,17,662.29,completed
831,122,7,54.39,cancelled
832,282,32,157.82,completed
833,2,28,92.19,cancelled
834,246,13,101.5,completed
835,88,41,295.35,completed
836,243,8,311.81,pending
837,242,32,895.4,completed
838,47,42,546.41,completed
839,190,25,372.55,pending
840,23,17,442.54,completed
841,116,18,566.43,completed
842,50,6,669.8,cancelled
843,212,49,591.78,cancelled
844,32,25,819.31,pending
845,275,44,867.56,pending
846,294,16,478.88,completed
847,203,46,39.55,cancelled
848,265,37,679.15,cancelled
849,76,8,949.51,pending
850,89,11,972.3,completed
851,65,3,426.26,pending
852,104,41,152.14,cancelled
853,133,21,911.25,completed
854,45,25,558.58,cancelled
855,167,18,522.09,completed
856,268,27,116.96,completed
857,76,37,589.99,completed
858,55,37,780.65,completed
859,275,23,878.5,completed
860,197,42,488.16,cancelled
861,243,3,176.34,pending
862,74,40,610.61,pending
863,20,26,890.13,completed
864,122,4,747.02,completed
865,191,2,341.18,completed
866,160,18,843.63,completed
867,117,9,303.98,pending
868,165,18,730.16,cancelled
869,46,13,444.51,pending
870,249,49,518.92,completed
871,29,33,792.53,completed
872,160,46,509.26,completed
873,269,37,33.8,completed
874,103,4,253.24,pending
875,26,24,706.11,completed
876,189,30,507.6,completed
877,16,16,375.6,cancelled
878,229,12,960.72,pending
879,283,23,347.53,completed
880,47,19,32.31,completed
881,84,37,780.93,completed
882,114,42,228.99,completed
883,138,42,412.46,completed
884,5,31,911.96,completed
885,5,15,256.13,completed
886,141,28,896.01,completed
887,236,17,222.12,completed
888,267,40,400.17,completed
889,4,33,999.43,completed
890,288,42,595.8,completed
891,153,44,112.56,completed
892,173,18,642.39,completed
893,134,42,712.54,completed
894,97,10,519.71,completed
895,30,39,407.08,completed
896,72,47,30.33,pending
897,152,17,907.38,pending
898,199,48,40.14,cancelled
899,98,22,727.92,completed
900,274,41,785.97,completed
901,260,20,846.19,cancelled
902,93,19,102.12,completed
903,133,47,809.3,completed
904,172,42,93.85,completed
905,115,48,872.08,pending
906,170,24,264.26,completed
907,238,8,473.18,cancelled
908,298,40,75.86,completed
909,257,8,868.16,pending
910,272,20,416.04,completed
911,71,13,345.96,cancelled
912,235,10,319.8,completed
913,42,32,335.97,completed
914,161,41,62.72,pending
915,141,14,762.39,completed
916,296,49,162.64,completed
917,67,40,436.54,pending
918,207,28,965.5,pending
919,3,3,536.11,completed
920,8,21,758.06,cancelled
921,98,2,678.36,completed
922,116,45,877.6,completed
923,67,7,386.63,cancelled
924,157,11,69.96,completed
925,153,19,458.65,cancelled
926,269,22,436.5,completed
927,176,32,362.45,completed
928,85,26,24.03,completed
929,68,14,735.41,cancelled
930,259,11,127.55,completed
931,193,41,259.51,cancelled
932,25,39,994.71,completed
933,11,4,691.3,pending
934,228,25,127.98,completed
935,243,45,157.36,completed
936,155,27,663.36,cancelled
937,139,40,607.61,completed
938,215,7,514.03,cancelled
939,61,19,118.44,completed
940,255,13,610.96,completed
941,268,13,361.13,pending
942,152,11,44.21,pending
943,107,45,933.46,completed
944,121,1,17.69,completed
945,57,37,670.68,completed
946,47,50,514.15,completed
947,132,42,235.0,completed
948,136,30,54.83,completed
949,21,19,363.41,completed
950,219,48,120.32,completed
951,5,9,665.04,completed
952,169,23,895.05,cancelled
953,138,47,97.49,completed
954,94,8,403.77,pending
955,140,25,691.45,pending
956,216,42,886.69,completed
957,58,9,697.69,completed
958,82,7,418.95,cancelled
959,248,37,680.0,completed
960,195,50,361.81,completed
961,67,31,920.8,completed
962,211,29,50.74,completed
963,161,1,706.05,cancelled
964,296,47,567.19,completed
965,266,34,689.8,cancelled
966,49,28,663.4,completed
967,247,23,665.39,pending
968,77,36,892.6,cancelled
969,28,1,645.18,completed
970,259,31,852.61,completed
971,39,49,494.19,completed
972,170,18,55.1,completed
973,282,42,381.74,completed
974,41,30,446.97,cancelled
975,230,6,857.31,pending
976,162,8,980.77,completed
977,53,26,415.28,cancelled
978,282,1,826.78,cancelled
979,156,33,564.52,pending
980,175,24,826.18,completed
981,233,22,562.35,cancelled
982,243,46,658.88,pending
983,59,7,760.52,completed
984,2,22,358.36,completed
985,281,34,377.02,completed
986,24,11,494.96,pending
987,55,17,612.8,completed
988,62,26,219.51,completed
989,174,7,758.36,completed
990,64,50,892.3,pending
991,259,9,964.04,completed
992,272,48,53.33,pending
993,300,31,924.75,completed
994,297,12,731.84,completed
995,54,25,659.23,cancelled
996,165,33,881.98,pending
997,128,18,400.88,completed
998,151,29,805.77,completed
999,212,39,701.51,cancelled
1000,154,45,550.07,completed
1001,284,41,221.26,completed
1002,149,44,348.57,completed
1003,92,33,544.78,completed
1004,60,49,355.48,pending
1005,299,37,942.96,pending
1006,274,19,878.09,pending
1007,7,34,110.94,pending
1008,75,4,671.9,completed
1009,137,49,786.6,completed
1010,129,10,840.18,completed
1011,105,49,543.47,completed
1012,232,7,618.03,cancelled
1013,115,48,648.88,pending
1014,122,33,785.39,completed
1015,25,25,390.62,completed
1016,283,4,17.9,completed
1017,104,40,869.51,pending
1018,116,41,706.11,completed
1019,280,48,605.37,completed
1020,151,29,181.54,completed
1021,96,12,736.4,completed
1022,194,3,431.37,cancelled
1023,136,9,165.12,completed
1024,3,22,469.0,completed
1025,21,10,928.99,cancelled
1026,27,50,932.72,cancelled
1027,155,32,790.96,cancelled
1028,184,5,785.11,completed
1029,270,15,957.2,cancelled
1030,35,33,163.57,cancelled
1031,275,26,96.49,completed
1032,110,43,335.22,completed
1033,151,14,950.56,cancelled
1034,272,31,996.65,completed
1035,59,43,349.28,completed
1036,125,3,684.14,completed
1037,196,8,388.95,cancelled
1038,145,2,911.78,completed
1039,264,33,448.33,completed
1040,152,42,196.55,cancelled
1041,43,7,171.56,cancelled
1042,274,1,628.8,completed
1043,110,44,427.09,completed
1044,106,35,829.6,pending
1045,37,48,687.61,completed
1046,236,46,335.06,completed
1047,38,4,182.1,completed
1048,286,5,577.09,completed
1049,133,27,391.09,pending
1050,222,21,21.81,completed
1051,274,1,643.22,cancelled
1052,33,49,747.22,completed
1053,38,23,928.41,completed
1054,149,44,304.84,completed
1055,145,49,927.06,pending
1056,203,43,35.67,completed
1057,274,15,140.7,pending
1058,280,19,960.33,completed
1059,153,44,887.54,completed
1060,6,36,875.39,completed
1061,64,3,10.0,cancelled
1062,202,35,549.79,completed
1063,157,14,749.56,completed
1064,109,27,906.1,cancelled
1065,73,11,188.07,cancelled
1066,130,13,119.05,cancelled
1067,28,49,932.71,cancelled
1068,237,42,551.92,completed
1069,35,17,102.71,cancelled
1070,250,22,360.35,completed
1071,52,19,621.42,completed
1072,163,32,453.39,cancelled
1073,157,45,586.25,cancelled
1074,291,24,808.66,pending
1075,87,1,316.65,completed
1076,224,18,840.91,completed
1077,170,31,465.53,completed
1078,157,32,553.91,completed
1079,42,18,859.42,completed
1080,276,13,266.92,completed
1081,39,2,850.34,completed
1082,298,38,408.11,cancelled
1083,109,3,553.84,cancelled
1084,277,31,655.64,completed
1085,188,26,227.19,cancelled
1086,149,9,467.38,cancelled
1087,47,26,367.05,completed
1088,123,40,685.74,cancelled
1089,72,29,163.43,cancelled
1090,290,43,872.83,completed
1091,248,23,45.22,pending
1092,119,5,268.04,completed
1093,22,43,210.74,completed
1094,199,31,918.31,completed
1095,21,42,327.45,cancelled
1096,141,48,267.0,cancelled
1097,292,12,379.78,pending
1098,188,38,655.07,completed
1099,265,17,379.45,completed
1100,265,26,356.13,completed
1101,250,31,887.74,completed
1102,257,9,442.7,completed
1103,40,33,645.26,completed
1104,77,12,161.57,cancelled
1105,61,43,234.19,completed
1106,59,31,676.85,pending
1107,108,38,165.44,pending
1108,12,16,47.93,cancelled
1109,83,9,631.39,completed
1110,294,10,60.63,completed
1111,93,34,958.45,cancelled
1112,289,41,23.53,completed
1113,44,14,451.96,pending
1114,247,11,223.27,pending
1115,74,38,821.35,completed
1116,262,17,171.88,completed
1117,233,39,592.64,completed
1118,194,25,136.55,completed
1119,104,34,860.29,cancelled
1120,215,10,607.48,completed
1121,244,40,601.81,cancelled
1122,258,49,121.93,pending
1123,67,39,541.59,completed
1124,221,34,423.58,completed
1125,272,28,233.34,pending
1126,196,23,591.1,cancelled
1127,51,28,138.21,pending
1128,120,6,286.85,cancelled
1129,210,17,193.08,completed
1130,296,34,122.24,completed
1131,193,42,209.39,completed
1132,210,24,111.05,pending
1133,300,17,265.0,cancelled
1134,217,37,368.82,completed
1135,204,49,207.68,cancelled
1136,286,31,182.83,cancelled
1137,285,31,257.51,completed
1138,296,23,775.32,pending
1139,71,43,123.49,completed
1140,229,45,949.5,completed
1141,110,33,403.56,completed
1142,282,40,698.57,completed
1143,83,25,964.75,completed
1144,47,10,474.31,cancelled
1145,223,6,68.76,completed
1146,190,6,610.98,pending
1147,206,40,657.89,completed
1148,30,50,821.13,pending
1149,225,1,205.7,cancelled
1150,147,13,38.44,cancelled
1151,262,34,699.96,cancelled
1152,87,44,40.88,completed
1153,1,11,91.41,completed
1154,205,23,671.31,pending
1155,103,34,20.29,completed
1156,47,36,288.07,cancelled
1157,299,23,350.74,completed
1158,116,39,963.24,pending
1159,207,37,9.63,completed
1160,209,33,110.93,completed
1161,258,19,343.27,completed
1162,263,17,876.73,cancelled
1163,129,45,445.55,pending
1164,289,31,771.12,completed
1165,235,44,463.42,cancelled
1166,15,31,120.69,completed
1167,196,41,789.71,completed
1168,118,21,415.36,completed
1169,265,35,14.67,completed
1170,128,19,97.54,completed
1171,39,36,931.74,pending
1172,161,23,222.47,cancelled
1173,138,12,947.38,completed
1174,256,48,203.67,completed
1175,136,14,233.06,completed
1176,183,10,780.04,completed
1177,41,44,956.0,pending
1178,4,49,857.8,completed
1179,247,24,622.56,pending
1180,295,18,493.35,cancelled
1181,144,26,225.98,cancelled
1182,66,4,528.11,pending
1183,245,35,37.4,completed
1184,202,44,777.02,pending
1185,62,45,520.61,completed
1186,5,1,675.73,pending
1187,298,7,328.81,cancelled
1188,133,12,550.82,completed
1189,138,31,958.73,completed
1190,188,12,501.28,completed
1191,215,45,753.43,completed
1192,206,18,453.48,cancelled
1193,68,37,687.58,completed
1194,139,16,557.56,pending
1195,101,10,801.04,completed
1196,243,1,180.72,pending
1197,69,41,519.42,completed
1198,250,20,254.72,cancelled
1199,25,26,103.48,completed
1200,31,14,814.75,pending
1201,50,29,745.87,completed
1202,185,24,562.55,completed
1203,177,2,414.7,completed
1204,102,37,578.01,cancelled
1205,90,50,288.19,completed
1206,262,32,775.87,pending
1207,41,25,615.6,pending
1208,75,11,642.38,completed
1209,216,41,614.25,pending
1210,37,6,166.19,completed
1211,161,21,654.75,completed
1212,203,18,888.25,completed
1213,267,29,416.92,completed
1214,12,9,729.13,completed
1215,41,14,171.08,completed
1216,49,5,937.11,pending
1217,281,4,31.23,pending
1218,269,49,996.03,completed
1219,135,40,159.5,pending
1220,159,15,251.16,completed
1221,227,41,130.78,cancelled
1222,88,2,39.98,completed
1223,167,31,469.86,cancelled
1224,140,36,447.62,cancelled
1225,91,38,599.6,cancelled
1226,223,34,641.59,cancelled
1227,159,23,484.24,completed
1228,46,29,311.33,pending
1229,134,10,307.06,completed
1230,268,49,848.71,completed
1231,147,31,537.42,pending
1232,245,20,14.09,pending
1233,150,39,235.06,completed
1234,281,24,192.63,cancelled
1235,224,26,253.65,pending
1236,194,15,266.67,pending
1237,123,34,765.72,cancelled
1238,140,19,650.21,cancelled
1239,138,27,192.06,completed
1240,94,9,293.15,pending
1241,232,18,701.97,pending
1242,97,21,24.3,completed
1243,274,2,190.01,completed
1244,145,18,129.41,pending
1245,5,15,94.75,completed
1246,253,14,345.2,completed
1247,256,24,466.37,completed
1248,170,6,844.33,completed
1249,29,18,776.77,completed
1250,279,31,185.7,completed
1251,196,1,126.35,completed
1252,198,50,975.1,completed
1253,18,13,463.53,completed
1254,267,43,982.21,pending
1255,200,44,961.41,completed
1256,82,41,729.6,cancelled
1257,267,8,257.05,completed
1258,102,24,888.08,completed
1259,58,16,634.74,completed
1260,8,11,795.42,cancelled
1261,62,26,790.2,completed
1262,22,38,784.56,pending
1263,80,24,771.94,completed
1264,81,32,95.94,cancelled
1265,174,49,627.01,completed
1266,183,42,158.15,cancelled
1267,55,9,490.4,completed
1268,286,42,757.91,pending
1269,99,2,690.8,completed
1270,69,17,899.17,pending
1271,225,36,298.24,pending
1272,98,37,190.69,completed
1273,166,47,471.05,cancelled
1274,284,11,73.53,completed
1275,231,19,820.32,cancelled
1276,188,30,5.72,cancelled
1277,195,47,189.61,completed
1278,187,50,622.1,completed
1279,33,43,967.33,pending
1280,98,34,684.81,cancelled
1281,79,40,286.71,pending
1282,165,8,100.78,completed
1283,23,9,182.75,completed
1284,104,7,487.94,completed
1285,17,37,643.54,pending
1286,251,34,625.85,cancelled
1287,132,4,369.52,cancelled
1288,37,1,930.56,completed
1289,252,6,470.72,completed
1290,185,36,744.76,pending
1291,189,46,63.01,cancelled
1292,137,34,45.45,completed
1293,156,5,944.88,cancelled
1294,50,7,726.55,cancelled
1295,198,13,197.15,completed
1296,292,41,947.77,cancelled
1297,286,27,747.38,cancelled
1298,184,44,461.43,pending
1299,54,11,793.5,cancelled
1300,206,33,340.83,completed
1301,274,39,445.8,completed
1302,162,36,991.51,completed
1303,191,27,765.36,pending
1304,166,39,244.52,cancelled
1305,110,25,766.88,completed
1306,185,29,450.26,pending
1307,1,47,39.49,completed
1308,9,34,139.41,completed
1309,4,20,984.47,completed
1310,162,2,772.67,completed
1311,284,33,558.54,cancelled
1312,80,7,42.55,completed
1313,80,9,268.66,cancelled
1314,128,15,259.96,completed
1315,48,37,402.8,completed
1316,40,47,328.07,pending
1317,89,32,826.58,cancelled
1318,49,39,644.04,completed
1319,296,25,83.09,completed
1320,172,23,880.39,pending
1321,214,8,870.44,completed
1322,6,41,778.53,pending
1323,28,20,526.76,completed
1324,277,37,153.83,cancelled
1325,114,10,55.27,pending
1326,229,49,597.16,cancelled
1327,47,15,434.78,pending
1328,76,9,339.49,pending
1329,293,48,54.06,pending
1330,135,6,401.53,pending
1331,67,49,139.2,cancelled
1332,102,32,398.34,cancelled
1333,101,36,617.92,cancelled
1334,127,16,76.29,pending
1335,166,44,924.52,completed
1336,58,43,416.51,completed
1337,179,13,324.13,cancelled
1338,13,50,308.29,completed
1339,227,40,150.09,completed
1340,120,13,686.93,completed
1341,44,8,740.88,completed
1342,76,19,18.66,completed
1343,157,29,473.83,completed
1344,108,48,540.32,completed
1345,280,34,751.6,cancelled
1346,248,40,731.27,completed
1347,10,25,585.09,cancelled
1348,23,17,174.47,completed
1349,103,45,619.87,completed
1350,239,42,945.45,completed
1351,199,43,274.95,completed
1352,56,2,296.03,pending
1353,119,25,511.0,completed
1354,162,32,867.44,cancelled
1355,46,12,202.88,pending
1356,288,46,26.38,completed
1357,272,20,336.9,pending
1358,81,2,350.05,completed
1359,182,41,305.81,cancelled
1360,142,4,627.66,pending
1361,16,36,949.37,completed
1362,78,22,897.69,completed
1363,45,47,385.3,cancelled
1364,117,27,244.16,completed
1365,219,20,910.19,completed
1366,230,35,136.11,completed
1367,298,35,685.63,completed
1368,71,20,690.09,cancelled
1369,70,28,995.71,completed
1370,290,11,320.91,cancelled
1371,273,47,122.8,completed
1372,75,47,34.34,completed
1373,212,27,306.83,completed
1374,78,50,191.99,completed
1375,95,2,763.64,cancelled
1376,137,39,569.21,completed
1377,119,15,688.94,completed
1378,41,45,780.93,completed
1379,258,39,471.42,completed
1380,95,25,493.99,completed
1381,84,13,230.14,pending
1382,8,18,950.45,completed
1383,104,49,208.54,completed
1384,225,40,492.49,completed
1385,235,16,430.42,completed
1386,195,47,316.33,cancelled
1387,293,39,538.48,completed
1388,267,7,454.35,completed
1389,126,34,540.18,completed
1390,286,25,518.55,completed
1391,98,19,442.36,completed
1392,147,30,170.65,completed
1393,28,45,519.38,completed
1394,238,42,454.44,cancelled
1395,58,12,779.84,cancelled
1396,70,26,416.49,pending
1397,13,12,456.41,completed
1398,233,6,253.83,completed
1399,64,6,118.59,pending
1400,186,6,526.2,pending
1401,262,40,950.01,pending
1402,282,25,48.69,completed
1403,172,37,871.95,completed
1404,84,10,182.97,completed
1405,215,20,312.97,pending
1406,148,41,184.79,completed
1407,104,1,624.45,completed
1408,7,30,500.14,pending
1409,279,1,609.94,pending
1410,122,14,590.92,pending
1411,233,27,444.67,cancelled
1412,4,16,882.76,completed
1413,286,14,53.67,completed
1414,29,42,352.27,completed
1415,17,43,580.2,cancelled
1416,153,22,920.78,completed
1417,56,27,993.77,completed
1418,146,40,662.62,cancelled
1419,294,36,181.53,pending
1420,297,24,931.82,completed
1421,154,21,371.73,pending
1422,35,49,430.19,cancelled
1423,34,19,473.46,completed
1424,141,22,529.42,cancelled
1425,108,45,213.01,completed
1426,56,37,731.08,cancelled
1427,45,31,725.45,cancelled
1428,148,28,610.8,completed
1429,133,34,577.27,cancelled
1430,182,9,616.22,pending
1431,267,47,633.7,pending
1432,93,40,236.56,completed
1433,100,1,122.62,pending
1434,61,48,848.83,cancelled
1435,213,27,50.26,completed
1436,287,41,216.28,completed
1437,145,17,791.24,completed
1438,154,33,552.24,completed
1439,59,44,336.62,pending
1440,292,40,960.31,completed
1441,100,22,834.66,pending
1442,243,3,647.42,pending
1443,80,41,463.31,cancelled
1444,172,30,785.07,pending
1445,29,34,302.85,completed
1446,285,35,23.62,cancelled
1447,170,23,70.88,completed
1448,144,2,342.46,pending
1449,274,11,573.13,pending
1450,96,39,121.26,completed
1451,162,46,36.47,pending
1452,45,32,877.66,completed
1453,232,20,220.06,completed
1454,90,8,377.34,completed
1455,104,6,446.56,completed
1456,248,33,158.31,completed
1457,248,47,874.51,completed
1458,168,10,770.63,completed
1459,265,44,992.76,completed
1460,19,30,390.65,cancelled
1461,60,1,314.43,completed
1462,45,22,469.54,completed
1463,53,34,767.35,completed
1464,12,37,759.7,completed
1465,165,13,196.58,completed
1466,273,21,773.92,completed
1467,140,10,161.71,completed
1468,8,40,561.83,completed
1469,106,35,353.57,completed
1470,139,10,943.56,completed
1471,294,16,175.42,completed
1472,174,35,446.43,completed
1473,15,31,903.78,completed
1474,55,25,58.53,pending
1475,201,12,706.15,cancelled
1476,229,40,358.85,completed
1477,102,46,759.61,cancelled
1478,41,49,765.61,cancelled
1479,68,6,813.79,pending
1480,50,30,313.84,pending
1481,241,15,947.71,completed
1482,133,24,395.12,completed
1483,167,30,490.07,completed
1484,244,8,354.68,pending
1485,88,19,769.1,cancelled
1486,295,9,510.41,pending
1487,55,21,558.37,completed
1488,155,35,463.67,cancelled
1489,212,16,622.77,cancelled
1490,82,31,386.9,completed
1491,107,45,593.02,pending
1492,291,22,546.8,completed
1493,89,43,671.26,cancelled
1494,250,8,594.2,pending
1495,167,36,102.17,pending
1496,91,20,956.1,completed
1497,56,44,815.0,pending
1498,168,32,646.76,completed
1499,47,14,817.95,cancelled
1500,1,49,150.99,completed
1501,232,35,295.05,cancelled
1502,296,29,199.69,completed
1503,154,37,795.37,completed
1504,223,46,982.67,completed
1505,46,38,13.08,cancelled
1506,207,9,853.24,completed
1507,190,36,968.06,completed
1508,287,23,114.15,completed
1509,16,16,434.56,cancelled
1510,202,41,321.54,pending
1511,208,25,438.01,completed
1512,89,31,143.37,cancelled
1513,197,24,840.76,completed
1514,148,43,129.92,completed
1515,37,42,20.63,pending
1516,224,9,89.24,pending
1517,234,45,606.41,pending
1518,93,30,511.87,cancelled
1519,231,25,358.53,completed
1520,218,39,12.39,pending
1521,122,46,504.22,pending
1522,280,37,370.14,completed
1523,291,31,706.36,completed
1524,298,31,961.93,completed
1525,73,47,732.64,completed
1526,239,34,82.84,cancelled
1527,46,16,475.09,completed
1528,277,38,315.94,completed
1529,176,35,779.63,pending
1530,233,33,906.52,cancelled
1531,170,27,356.15,completed
1532,149,11,40.15,cancelled
1533,156,47,786.1,completed
1534,32,41,475.79,completed
1535,294,4,658.04,completed
1536,14,19,487.34,completed
1537,259,5,852.19,completed
1538,130,9,617.72,completed
1539,132,1,742.72,cancelled
1540,90,38,740.27,pending
1541,190,12,264.95,completed
1542,249,12,800.38,completed
1543,176,6,967.51,cancelled
1544,79,32,754.0,pending
1545,197,16,662.36,completed
1546,108,37,735.69,completed
1547,28,42,268.07,completed
1548,27,11,466.69,pending
1549,155,31,747.42,cancelled
1550,120,25,685.09,pending
1551,243,17,149.42,pending
1552,7,19,927.59,pending
1553,196,44,319.11,cancelled
1554,22,7,918.12,completed
1555,222,40,918.45,completed
1556,172,18,270.75,completed
1557,131,42,586.26,pending
1558,124,47,673.53,completed
1559,267,22,679.33,completed
1560,161,36,15.53,completed
1561,35,1,414.19,cancelled
1562,54,44,448.71,completed
1563,146,17,197.11,completed
1564,48,4,938.81,completed
1565,63,46,958.01,completed
1566,67,25,658.11,cancelled
1567,95,8,697.18,completed
1568,151,30,662.18,completed
1569,233,18,770.51,completed
1570,132,11,781.83,completed
1571,32,25,391.65,completed
1572,133,17,182.04,completed
1573,252,13,612.25,completed
1574,252,7,148.15,pending
1575,112,40,645.12,pending
1576,133,7,39.69,completed
1577,293,47,254.34,pending
1578,10,32,153.11,completed
1579,20,43,393.53,completed
1580,169,26,576.77,cancelled
1581,252,31,438.88,completed
1582,277,15,8.29,pending
1583,63,37,537.63,completed
1584,171,44,306.31,completed
1585,47,24,536.95,completed
1586,42,30,761.65,completed
1587,104,12,556.7,pending
1588,98,20,697.4,completed
1589,184,32,89.44,pending
1590,98,9,40.52,completed
1591,123,32,391.82,cancelled
1592,158,32,536.27,pending
1593,9,3,342.59,completed
1594,22,26,122.6,cancelled
1595,235,44,870.85,cancelled
1596,77,48,581.45,completed
1597,19,48,145.88,completed
1598,242,40,50.57,completed
1599,8,12,634.5,completed
1600,50,30,613.17,cancelled
1601,33,7,118.61,cancelled
1602,113,5,805.43,pending
1603,173,48,680.01,completed
1604,62,44,578.09,completed
1605,165,14,765.41,cancelled
1606,89,22,67.91,completed
1607,73,49,418.08,completed
1608,284,11,441.47,cancelled
1609,21,9,104.47,cancelled
1610,193,50,161.96,pending
1611,42,1,12.19,completed
1612,146,27,695.04,pending
1613,65,14,147.37,completed
1614,268,29,414.97,completed
1615,20,39,184.1,pending
1616,46,41,827.35,completed
1617,179,27,9.55,completed
1618,99,8,986.67,completed
1619,186,49,986.85,cancelled
1620,113,30,771.48,completed
1621,142,4,197.75,completed
1622,243,32,180.44,completed
1623,28,42,367.37,completed
1624,223,17,337.62,pending
1625,23,7,741.71,cancelled
1626,91,11,786.56,pending
1627,264,8,75.51,completed
1628,228,38,581.86,pending
1629,102,48,678.47,completed
1630,118,50,114.58,completed
1631,51,16,739.06,completed
1632,193,15,78.16,cancelled
1633,249,4,891.04,completed
1634,111,40,457.72,pending
1635,192,9,460.45,completed
1636,184,18,206.2,completed
1637,17,45,570.82,completed
1638,70,8,852.39,pending
1639,215,11,761.54,completed
1640,152,39,161.0,cancelled
1641,88,37,970.29,completed
1642,45,27,857.69,pending
1643,111,38,476.12,pending
1644,143,1,731.37,completed
1645,127,21,437.08,completed
1646,77,37,898.76,pending
1647,23,3,991.32,cancelled
1648,18,28,533.47,pending
1649,51,29,497.81,completed
1650,286,49,17.36,pending
1651,112,9,361.61,completed
1652,47,2,482.38,completed
1653,83,46,461.99,cancelled
1654,299,2,976.54,pending
1655,71,46,408.33,completed
1656,238,46,635.24,completed
1657,198,45,336.24,completed
1658,152,28,754.12,cancelled
1659,278,37,795.51,completed
1660,172,48,932.58,cancelled
1661,187,4,115.41,completed
1662,239,40,45.67,completed
1663,90,42,561.0,completed
1664,288,46,774.71,completed
1665,172,16,541.94,pending
1666,298,45,213.75,completed
1667,165,23,898.44,cancelled
1668,217,18,59.19,completed
1669,177,29,488.8,cancelled
1670,63,31,711.28,cancelled
1671,150,29,622.85,completed
1672,97,30,91.87,pending
1673,92,19,958.47,completed
1674,56,11,279.56,completed
1675,255,10,875.62,cancelled
1676,12,19,419.45,cancelled
1677,68,31,349.97,pending
1678,11,19,193.12,completed
1679,119,34,646.45,pending
1680,297,22,657.48,completed
1681,249,38,667.53,cancelled
1682,281,29,460.72,cancelled
1683,68,20,175.88,completed
1684,117,31,375.04,completed
1685,25,10,356.36,pending
1686,86,40,924.51,cancelled
1687,147,12,973.34,completed
1688,83,16,121.33,completed
1689,295,9,443.68,completed
1690,95,14,564.67,completed
1691,163,23,152.2,pending
1692,277,11,535.97,completed
1693,13,26,931.41,completed
1694,235,21,160.27,cancelled
1695,260,22,649.01,completed
1696,243,19,969.76,cancelled
1697,76,37,729.9,pending
1698,174,45,116.75,pending
1699,21,9,679.62,completed
1700,158,2,404.62,completed
1701,229,23,97.02,completed
1702,100,38,528.8,completed
1703,101,2,88.17,pending
1704,45,33,397.45,pending
1705,163,39,607.05,completed
1706,185,26,152.21,pending
1707,190,25,375.97,completed
1708,177,23,311.54,pending
1709,288,6,219.62,pending
1710,213,29,292.19,pending
1711,213,9,836.33,cancelled
1712,45,10,211.74,pending
1713,269,22,70.79,cancelled
1714,193,6,11.59,completed
1715,213,12,558.03,cancelled
1716,71,13,190.08,pending
1717,149,36,493.13,completed
1718,300,20,496.63,pending
1719,115,2,792.26,completed
1720,135,20,956.25,pending
1721,64,42,667.58,completed
1722,214,12,494.43,completed
1723,15,8,765.89,pending
1724,35,39,746.84,cancelled
1725,247,37,438.89,completed
1726,244,45,819.19,completed
1727,263,47,577.39,completed
1728,84,38,63.22,completed
1729,237,45,139.82,completed
1730,28,18,364.36,completed
1731,25,19,295.21,completed
1732,264,13,767.61,completed
1733,49,39,753.87,cancelled
1734,166,21,827.69,completed
1735,139,44,699.48,completed
1736,50,35,582.15,completed
1737,7,9,520.58,completed
1738,249,27,343.61,completed
1739,53,14,158.78,completed
1740,97,36,615.36,cancelled
1741,273,46,553.36,completed
1742,214,30,916.45,completed
1743,68,2,482.12,completed
1744,186,9,817.95,cancelled
1745,268,49,970.26,completed
1746,156,2,745.74,completed
1747,114,9,857.53,completed
1748,117,20,129.72,completed
1749,41,28,692.36,completed
1750,40,2,775.82,pending
1751,22,13,112.28,cancelled
1752,31,31,123.33,completed
1753,23,5,305.14,completed
1754,50,8,920.5,completed
1755,103,12,672.25,completed
1756,47,10,846.63,completed
1757,297,23,355.44,cancelled
1758,124,33,572.38,completed
1759,297,49,18.91,completed
1760,99,19,175.91,cancelled
1761,3,47,103.19,completed
1762,259,46,477.34,cancelled
1763,95,29,675.16,completed
1764,93,23,981.39,pending
1765,110,33,231.42,completed
1766,161,8,468.57,cancelled
1767,70,32,763.46,completed
1768,286,47,45.41,completed
1769,253,8,387.86,pending
1770,160,44,976.3,pending
1771,116,36,410.25,pending
1772,97,5,895.28,pending
1773,189,12,17.72,pending
1774,54,26,440.87,completed
1775,62,10,397.84,cancelled
1776,53,48,925.66,completed
1777,34,24,975.33,completed
1778,103,39,844.81,pending
1779,63,15,838.92,pending
1780,143,49,714.93,cancelled
1781,140,49,790.55,pending
1782,183,31,668.34,pending
1783,249,33,282.5,pending
1784,56,8,254.44,pending
1785,119,41,942.69,completed
1786,51,48,57.59,completed
1787,256,44,31.62,completed
1788,196,39,680.81,completed
1789,156,40,625.12,completed
1790,267,50,494.73,pending
1791,104,19,663.78,pending
1792,259,17,544.73,cancelled
1793,280,2,952.82,completed
1794,221,8,386.71,completed
1795,193,29,462.36,completed
1796,91,36,661.11,completed
1797,85,32,433.53,completed
1798,200,32,765.19,cancelled
1799,252,43,556.01,cancelled
1800,293,31,478.53,completed
1801,260,4,394.43,pending
1802,194,40,678.11,completed
1803,165,4,33.01,completed
1804,66,24,352.13,cancelled
1805,14,49,891.89,completed
1806,195,7,431.01,completed
1807,211,23,61.17,completed
1808,127,16,649.84,cancelled
1809,44,45,70.17,completed
1810,59,22,173.93,cancelled
1811,167,3,463.6,pending
1812,291,33,901.9,completed
1813,11,45,472.35,completed
1814,163,25,572.5,completed
1815,294,7,809.28,completed
1816,106,22,499.25,completed
1817,86,40,303.02,pending
1818,104,32,637.27,completed
1819,275,14,290.92,completed
1820,153,37,405.02,completed
1821,48,46,844.97,completed
1822,173,18,71.93,cancelled
1823,244,28,213.69,completed
1824,155,33,805.11,pending
1825,277,21,204.08,pending
1826,129,40,517.79,cancelled
1827,93,2,629.7,cancelled
1828,96,37,501.71,pending
1829,138,41,535.06,cancelled
1830,223,37,727.98,completed
1831,268,13,367.45,completed
1832,124,10,747.7,completed
1833,223,27,322.06,completed
1834,105,27,270.6,completed
1835,83,17,688.42,completed
1836,208,16,117.99,completed
1837,15,16,798.06,completed
1838,238,32,562.03,pending
1839,217,42,906.13,completed
1840,82,18,140.75,completed
1841,143,43,552.95,completed
1842,249,2,60.05,completed
1843,161,39,301.49,completed
1844,209,24,673.31,completed
1845,204,47,843.54,completed
1846,58,37,735.81,completed
1847,268,43,829.84,cancelled
1848,129,32,885.14,completed
1849,63,50,807.65,completed
1850,300,48,393.0,completed
1851,217,14,148.56,completed
1852,110,18,442.28,completed
1853,29,32,535.8,completed
1854,163,35,426.66,completed
1855,143,10,366.18,completed
1856,158,2,647.17,cancelled
1857,18,48,663.91,completed
1858,123,17,554.96,completed
1859,186,44,126.44,completed
1860,227,25,12.83,pending
1861,131,20,94.8,completed
1862,153,14,860.12,completed
1863,225,41,320.6,pending
1864,18,18,867.11,pending
1865,242,48,415.9,completed
1866,217,7,825.28,completed
1867,260,5,355.1,cancelled
1868,281,48,330.13,completed
1869,27,42,643.38,pending
1870,70,1,403.66,completed
1871,161,37,86.82,completed
1872,128,34,715.0,completed
1873,211,21,454.23,completed
1874,134,12,689.03,completed
1875,145,13,88.98,completed
1876,94,26,877.01,cancelled
1877,115,2,948.37,cancelled
1878,118,6,974.26,completed
1879,135,45,852.57,completed
1880,206,40,431.76,completed
1881,77,6,958.24,completed
1882,291,8,19.04,cancelled
1883,223,50,920.39,pending
1884,254,8,228.36,completed
1885,98,18,291.52,pending
1886,196,9,434.15,completed
1887,111,19,728.07,completed
1888,215,12,411.48,completed
1889,15,19,976.25,completed
1890,231,16,372.79,pending
1891,44,1,471.54,completed
1892,204,44,216.16,pending
1893,217,48,599.21,completed
1894,49,36,63.46,completed
1895,121,31,908.69,cancelled
1896,24,1,257.39,cancelled
1897,196,20,977.64,completed
1898,68,36,45.92,completed
1899,134,11,506.23,completed
1900,240,9,94.2,cancelled
1901,222,10,264.1,completed
1902,23,9,501.71,completed
1903,185,28,286.51,completed
1904,136,34,316.45,completed
1905,162,48,994.59,completed
1906,285,43,638.47,pending
1907,28,13,152.88,completed
1908,94,3,472.9,completed
1909,240,28,120.44,pending
1910,21,29,359.74,cancelled
1911,249,30,495.52,completed
1912,64,23,98.11,completed
1913,93,11,751.19,completed
1914,289,43,587.75,cancelled
1915,3,34,768.01,completed
1916,214,5,249.93,pending
1917,49,22,30.83,completed
1918,202,24,592.39,completed
1919,166,10,33.73,pending
1920,246,30,630.21,completed
1921,3,22,969.92,cancelled
1922,232,21,947.68,cancelled
1923,67,14,863.96,completed
1924,166,4,745.08,cancelled
1925,196,6,401.86,completed
1926,123,50,866.19,completed
1927,11,14,167.13,pending
1928,146,42,753.8,completed
1929,62,20,493.39,pending
1930,159,44,605.5,completed
1931,50,24,515.09,pending
1932,229,25,479.06,cancelled
1933,217,6,757.71,completed
1934,96,28,632.53,completed
1935,21,33,345.04,pending
1936,115,42,687.81,completed
1937,254,34,631.41,cancelled
1938,43,19,470.88,completed
1939,245,20,152.86,completed
1940,154,16,525.48,completed
1941,292,4,553.24,completed
1942,263,7,513.1,pending
1943,49,30,662.55,cancelled
1944,130,23,258.59,completed
1945,258,2,118.37,pending
1946,92,12,843.7,completed
1947,43,27,877.37,completed
1948,161,38,725.47,pending
1949,136,22,966.89,completed
1950,109,12,82.83,cancelled
1951,133,44,110.8,cancelled
1952,10,1,397.96,completed
1953,88,42,479.73,pending
1954,250,20,620.41,cancelled
1955,185,45,675.43,pending
1956,155,6,129.46,completed
1957,98,8,816.89,completed
1958,14,14,483.71,completed
1959,124,28,842.88,cancelled
1960,98,6,304.41,pending
1961,76,31,424.77,completed
1962,86,10,740.09,pending
1963,249,31,24.53,pending
1964,300,16,205.33,cancelled
1965,201,4,337.18,completed
1966,222,27,849.37,cancelled
1967,284,19,41.83,pending
1968,249,33,593.08,cancelled
1969,250,15,715.72,cancelled
1970,10,28,578.52,cancelled
1971,33,18,893.41,pending
1972,243,8,497.31,completed
1973,230,45,439.05,completed
1974,148,47,196.24,completed
1975,225,15,510.1,cancelled
1976,174,39,854.19,pending
1977,68,19,724.38,pending
1978,214,44,654.24,completed
1979,242,11,623.73,completed
1980,45,43,485.48,completed
1981,103,11,607.72,completed
1982,213,32,307.13,completed
1983,286,4,999.26,completed
1984,134,23,678.54,completed
1985,258,3,807.78,completed
1986,221,8,619.48,completed
1987,288,15,488.93,completed
1988,182,50,51.44,cancelled
1989,137,10,854.14,cancelled
1990,54,46,55.17,pending
1991,235,49,115.38,completed
1992,53,36,46.76,completed
1993,86,41,122.47,completed
1994,186,11,729.71,pending
1995,260,32,733.89,completed
1996,79,42,366.92,completed
1997,63,13,441.91,pending
1998,4,16,835.64,pending
1999,175,19,507.5,completed
2000,137,24,716.62,pending
2001,185,41,666.67,completed
2002,272,27,788.28,completed
2003,220,27,918.43,pending
2004,265,44,364.97,completed
2005,227,10,771.3,cancelled
2006,36,6,341.61,pending
2007,85,28,66.16,completed
2008,78,37,62.52,cancelled
2009,152,27,404.99,cancelled
2010,156,47,743.98,completed
2011,5,18,900.71,cancelled
2012,76,45,406.92,completed
2013,279,40,789.4,pending
2014,177,42,407.48,completed
2015,155,6,41.79,completed
2016,200,47,720.29,completed
2017,267,35,287.51,completed
2018,262,36,315.69,completed
2019,82,2,32.75,cancelled
2020,133,16,833.07,completed
2021,217,33,114.89,completed
2022,191,17,628.85,completed
2023,64,4,757.78,completed
2024,230,20,574.57,completed
2025,233,22,983.04,cancelled
2026,290,46,894.87,cancelled
2027,120,23,302.71,cancelled
2028,72,46,380.78,completed
2029,54,21,518.87,completed
2030,185,30,102.5,pending
2031,211,6,96.79,pending
2032,67,31,218.71,completed
2033,190,44,528.62,cancelled
2034,287,34,779.93,completed
2035,300,32,638.28,pending
2036,251,47,973.41,completed
2037,74,33,131.49,pending
2038,67,46,515.62,cancelled
2039,61,45,216.58,pending
2040,17,48,161.06,cancelled
2041,190,8,603.59,pending
2042,57,8,372.74,completed
2043,21,34,157.54,completed
2044,157,24,306.74,pending
2045,15,10,146.43,cancelled
2046,216,4,937.14,completed
2047,146,14,187.16,pending
2048,2,8,549.8,completed
2049,23,27,483.77,completed
2050,290,29,900.79,pending
2051,244,47,834.52,completed
2052,71,33,638.28,pending
2053,230,10,867.01,completed
2054,46,40,666.18,pending
2055,199,15,900.74,completed
2056,277,3,958.29,pending
2057,143,42,93.09,completed
2058,13,37,631.96,completed
2059,288,42,128.16,cancelled
2060,44,13,955.39,cancelled
2061,296,49,57.61,cancelled
2062,268,13,751.81,cancelled
2063,10,8,659.96,cancelled
2064,93,2,278.59,completed
2065,126,46,839.72,cancelled
2066,228,6,807.89,cancelled
2067,165,26,590.95,pending
2068,12,22,439.83,pending
2069,13,34,320.8,completed
2070,47,8,979.89,cancelled
2071,87,19,148.31,completed
2072,46,10,310.26,pending
2073,87,4,616.4,completed
2074,93,2,714.73,completed
2075,200,7,323.44,pending
2076,166,17,378.64,completed
2077,27,13,243.42,cancelled
2078,122,32,511.08,cancelled
2079,198,8,272.94,completed
2080,238,36,410.04,pending
2081,15,27,635.37,completed
2082,138,36,963.66,completed
2083,127,49,556.93,completed
2084,156,37,409.71,completed
2085,257,14,783.97,completed
2086,192,35,985.38,completed
2087,276,28,961.55,cancelled
2088,232,3,6.0,pending
2089,149,42,972.22,completed
2090,31,31,276.94,completed
2091,195,23,843.23,completed
2092,300,33,284.9,completed
2093,274,37,74.59,completed
2094,203,45,127.36,completed
2095,285,18,878.89,completed
2096,259,21,884.51,completed
2097,134,49,709.22,completed
2098,126,43,983.11,completed
2099,108,30,959.2,completed
2100,9,45,138.06,completed
2101,244,1,901.94,completed
2102,212,36,895.79,pending
2103,202,35,85.74,completed
2104,276,2,893.11,pending
2105,64,23,972.18,pending
2106,184,25,181.3,completed
2107,64,30,373.63,completed
2108,228,1,225.41,completed
2109,144,44,921.79,completed
2110,99,6,817.2,completed
2111,114,15,980.22,completed
2112,19,18,495.37,cancelled
2113,108,1,200.11,pending
2114,57,18,571.26,pending
2115,88,36,197.8,cancelled
2116,290,12,70.03,completed
2117,34,9,263.33,cancelled
2118,117,34,730.25,completed
2119,99,44,28.0,cancelled
2120,130,44,562.32,pending
2121,2,28,642.76,completed
2122,166,28,845.12,pending
2123,141,8,681.77,pending
2124,254,24,519.67,completed
2125,115,4,281.54,pending
2126,273,29,319.66,pending
2127,100,22,86.4,cancelled
2128,13,48,229.5,pending
2129,39,16,200.89,completed
2130,160,5,627.86,completed
2131,15,31,434.79,completed
2132,172,17,250.92,pending
2133,123,22,833.35,completed
2134,267,16,943.83,cancelled
2135,225,49,100.19,pending
2136,297,8,90.11,completed
2137,18,25,316.71,completed
2138,66,4,919.52,pending
2139,29,20,612.68,pending
2140,34,7,679.18,cancelled
2141,27,19,850.68,pending
2142,50,40,753.2,completed
2143,6,30,387.0,pending
2144,52,22,652.67,completed
2145,233,34,331.55,completed
2146,56,7,17.23,completed
2147,100,37,130.35,cancelled
2148,132,23,423.9,cancelled
2149,228,12,246.94,completed
2150,31,9,315.11,pending
2151,263,42,755.6,completed
2152,299,35,776.62,completed
2153,241,20,605.31,completed
2154,189,1,520.09,completed
2155,30,16,509.57,cancelled
2156,28,28,347.1,completed
2157,104,5,344.84,pending
2158,240,39,693.95,cancelled
2159,290,22,618.02,pending
2160,169,11,109.32,completed
2161,254,15,920.35,completed
2162,118,30,625.8,completed
2163,247,48,769.51,completed
2164,193,14,403.31,completed
2165,186,1,78.36,completed
2166,285,8,146.69,pending
2167,100,41,587.76,completed
2168,23,2,203.13,completed
2169,90,15,885.96,completed
2170,174,36,249.73,completed
2171,12,12,843.67,completed
2172,11,44,141.56,completed
2173,174,14,308.55,completed
2174,190,24,662.6,cancelled
2175,223,46,70.05,completed
2176,67,13,195.72,pending
2177,192,21,601.55,completed
2178,24,49,617.95,completed
2179,275,19,790.64,completed
2180,127,4,631.31,completed
2181,65,33,968.54,pending
2182,108,47,86.0,pending
2183,34,11,511.07,cancelled
2184,192,32,521.3,completed
2185,165,46,377.01,pending
2186,254,31,271.99,pending
2187,299,42,41.42,completed
2188,104,29,863.85,pending
2189,112,20,427.9,pending
2190,293,11,935.82,completed
2191,131,36,89.34,completed
2192,152,29,521.23,completed
2193,299,3,467.93,cancelled
2194,173,28,453.9,pending
2195,210,24,805.48,completed
2196,140,25,29.59,pending
2197,120,17,647.13,completed
2198,43,19,843.39,cancelled
2199,280,42,82.77,completed
2200,117,7,122.99,completed
2201,20,35,204.31,completed
2202,169,17,306.2,completed
2203,98,46,606.01,completed
2204,279,17,13.49,completed
2205,145,23,784.21,pending
2206,208,38,759.02,completed
2207,242,42,515.08,completed
2208,204,15,230.79,completed
2209,243,15,518.25,cancelled
2210,240,47,815.33,completed
2211,44,21,846.57,pending
2212,214,14,441.49,cancelled
2213,16,24,143.26,completed
2214,157,48,14.63,completed
2215,174,15,422.05,pending
2216,276,20,329.45,completed
2217,291,3,922.53,completed
2218,170,37,631.69,cancelled
2219,294,26,980.27,completed
2220,201,5,536.82,completed
2221,244,7,332.2,pending
2222,156,6,175.57,cancelled
2223,91,3,827.34,cancelled
2224,251,2,190.76,completed
2225,198,19,209.86,completed
2226,269,5,457.39,completed
2227,266,1,175.97,pending
2228,201,11,989.65,completed
2229,275,27,480.86,completed
2230,200,14,134.28,completed
2231,159,28,818.81,pending
2232,82,39,577.22,completed
2233,104,33,718.19,pending
2234,142,13,12.41,completed
2235,229,5,825.46,cancelled
2236,127,34,332.25,cancelled
2237,252,30,465.38,completed
2238,47,19,648.07,pending
2239,178,45,843.43,completed
2240,201,40,824.31,completed
2241,213,16,183.68,cancelled
2242,222,30,387.74,completed
2243,292,7,396.58,completed
2244,123,11,277.41,cancelled
2245,150,43,916.71,completed
2246,253,27,992.43,cancelled
2247,63,24,81.15,completed
2248,259,50,780.61,pending
2249,231,11,256.5,cancelled
2250,23,30,31.58,pending
2251,196,22,747.23,completed
2252,204,3,15.68,completed
2253,70,21,671.94,pending
2254,249,30,72.9,cancelled
2255,125,46,950.27,completed
2256,242,18,842.35,completed
2257,10,39,105.01,completed
2258,64,35,742.74,completed
2259,40,43,764.77,completed
2260,79,29,361.3,completed
2261,18,44,534.64,pending
2262,25,41,812.45,completed
2263,200,45,311.78,completed
2264,3,4,773.55,completed
2265,128,24,909.21,completed
2266,47,2,424.57,completed
2267,173,13,681.56,completed
2268,113,7,797.94,completed
2269,86,3,418.6,completed
2270,168,21,564.24,completed
2271,107,35,398.09,pending
2272,62,15,217.71,completed
2273,166,12,19.92,completed
2274,7,25,216.7,completed
2275,34,43,816.01,cancelled
2276,189,3,71.99,completed
2277,211,20,768.71,pending
2278,53,46,538.5,cancelled
2279,88,17,959.24,cancelled
2280,167,41,697.83,completed
2281,171,12,637.18,completed
2282,247,5,338.43,cancelled
2283,300,29,385.46,completed
2284,258,38,706.11,completed
2285,120,2,618.27,completed
2286,159,16,739.22,completed
2287,41,4,141.87,pending
2288,152,13,155.91,completed
2289,20,16,923.79,cancelled
2290,228,48,877.95,completed
2291,143,21,645.38,completed
2292,267,27,649.81,completed
2293,13,15,847.7,completed
2294,176,16,209.79,completed
2295,128,44,697.8,completed
2296,196,34,325.03,pending
2297,4,5,870.52,completed
2298,99,4,636.2,completed
2299,105,9,96.3,cancelled
2300,282,14,240.13,completed
2301,219,47,469.74,completed
2302,102,16,426.9,cancelled
2303,128,20,288.93,pending
2304,104,18,863.11,pending
2305,41,24,401.25,completed
2306,242,29,425.58,cancelled
2307,222,49,160.1,pending
2308,11,49,384.51,completed
2309,154,39,539.51,cancelled
2310,90,17,383.55,completed
2311,233,19,378.27,cancelled
2312,247,5,336.57,pending
2313,101,10,916.55,completed
2314,7,33,731.72,completed
2315,252,26,926.06,pending
2316,192,25,492.1,cancelled
2317,37,27,885.57,completed
2318,198,37,166.55,pending
2319,131,50,913.52,completed
2320,261,46,491.18,completed
2321,30,42,388.41,pending
2322,127,16,480.34,completed
2323,15,45,667.35,completed
2324,134,39,458.19,completed
2325,131,16,604.14,completed
2326,7,8,772.12,pending
2327,204,46,588.23,completed
2328,266,13,876.63,completed
2329,219,17,693.38,cancelled
2330,273,43,887.22,cancelled
2331,158,47,414.55,completed
2332,56,41,574.75,completed
2333,74,18,749.99,pending
2334,158,1,987.09,pending
2335,1,7,74.49,pending
2336,269,27,656.25,pending
2337,88,12,377.78,completed
2338,102,32,186.07,completed
2339,231,37,815.3,completed
2340,103,4,751.17,completed
2341,133,27,443.53,cancelled
2342,56,41,170.3,completed
2343,44,25,129.06,completed
2344,176,2,587.72,pending
2345,249,44,761.73,completed
2346,32,18,753.04,completed
2347,299,3,101.36,cancelled
2348,4,25,604.97,completed
2349,249,31,758.13,cancelled
2350,220,22,373.93,completed
2351,162,16,941.29,pending
2352,194,40,61.96,completed
2353,170,7,8.07,pending
2354,72,2,603.9,cancelled
2355,144,45,752.68,completed
2356,189,29,620.26,pending
2357,264,27,661.93,completed
2358,165,2,635.61,completed
2359,167,44,447.08,cancelled
2360,249,26,740.51,completed
2361,179,28,939.39,pending
2362,52,47,387.93,cancelled
2363,100,46,147.45,cancelled
2364,293,46,507.11,completed
2365,255,6,304.84,cancelled
2366,240,11,896.93,completed
2367,247,43,542.96,completed
2368,109,11,754.49,completed
2369,55,28,993.39,completed
2370,83,21,903.14,completed
2371,113,47,261.34,pending
2372,64,43,140.08,cancelled
2373,252,6,796.56,completed
2374,115,37,767.51,cancelled
2375,34,42,346.51,pending
2376,288,28,809.41,completed
2377,133,8,294.52,completed
2378,46,22,741.88,completed
2379,60,37,370.9,completed
2380,195,37,738.23,completed
2381,32,38,537.93,pending
2382,217,21,772.42,completed
2383,267,43,603.61,completed
2384,55,26,14.14,pending
2385,162,10,817.07,completed
2386,113,32,681.58,completed
2387,146,10,748.32,completed
2388,164,20,504.87,completed
2389,141,46,576.1,completed
2390,254,19,705.62,pending
2391,31,22,156.94,completed
2392,116,45,737.05,completed
2393,250,47,394.85,completed
2394,12,36,395.32,pending
2395,243,23,758.93,pending
2396,37,34,728.12,completed
2397,100,45,856.97,pending
2398,50,9,326.8,cancelled
2399,28,46,307.55,completed
2400,296,9,444.67,pending
2401,150,10,213.72,completed
2402,5,24,727.33,cancelled
2403,53,44,786.57,completed
2404,193,28,681.05,completed
2405,29,7,358.81,pending
2406,92,4,121.76,cancelled
2407,174,38,436.65,completed
2408,207,16,38.82,completed
2409,204,32,306.18,cancelled
2410,89,42,746.47,completed
2411,238,42,385.19,pending
2412,189,1,124.4,completed
2413,63,32,643.2,cancelled
2414,116,2,588.92,cancelled
2415,246,18,695.26,completed
2416,93,25,486.77,pending
2417,153,37,129.61,completed
2418,33,46,909.34,cancelled
2419,95,26,813.8,completed
2420,202,36,818.38,cancelled
2421,251,5,521.31,cancelled
2422,276,46,819.73,completed
2423,107,43,898.11,completed
2424,93,1,556.95,completed
2425,63,3,133.17,completed
2426,83,6,564.68,completed
2427,44,8,508.62,completed
2428,279,11,425.94,completed
2429,128,20,50.94,cancelled
2430,151,43,536.43,completed
2431,296,32,696.63,cancelled
2432,181,39,540.52,completed
2433,51,43,820.66,completed
2434,19,13,145.96,completed
2435,69,39,554.31,cancelled
2436,184,18,132.85,cancelled
2437,217,5,552.1,completed
2438,196,42,904.14,pending
2439,234,6,945.02,pending
2440,74,35,207.74,completed
2441,99,46,375.28,cancelled
2442,84,27,822.46,completed
2443,223,25,30.78,cancelled
2444,127,5,273.77,cancelled
2445,57,44,550.63,completed
2446,169,41,93.53,completed
2447,140,10,869.51,completed
2448,141,1,102.46,completed
2449,194,7,783.82,completed
2450,90,34,729.69,completed
2451,251,7,531.32,cancelled
2452,145,36,274.7,completed
2453,25,11,321.41,pending
2454,93,23,807.05,cancelled
2455,283,39,882.61,pending
2456,245,38,131.93,completed
2457,263,46,159.71,completed
2458,74,25,569.72,completed
2459,28,47,641.0,completed
2460,128,44,610.66,pending
2461,94,29,986.32,pending
2462,258,19,279.44,pending
2463,267,46,881.98,completed
2464,157,41,858.63,completed
2465,209,50,316.17,completed
2466,41,5,731.3,completed
2467,85,37,62.12,completed
2468,284,32,809.31,completed
2469,218,44,511.14,completed
2470,246,32,517.44,cancelled
2471,64,26,18.83,completed
2472,4,46,427.85,cancelled
2473,177,16,994.25,cancelled
2474,22,39,451.41,completed
2475,269,15,178.94,completed
2476,69,33,356.53,completed
2477,217,32,382.2,completed
2478,58,22,914.47,completed
2479,277,50,858.52,completed
2480,154,31,297.08,completed
2481,2,48,633.02,pending
2482,112,20,929.46,cancelled
2483,19,30,893.03,pending
2484,30,23,10.86,pending
2485,169,20,357.12,completed
2486,180,47,190.23,completed
2487,5,7,433.65,completed
2488,44,34,516.75,completed
2489,211,8,913.54,completed
2490,80,50,658.35,completed
2491,241,26,377.44,completed
2492,220,12,538.75,completed
2493,56,29,658.0,pending
2494,83,9,356.97,pending
2495,3,23,884.16,completed
2496,57,13,288.48,completed
2497,203,27,745.2,completed
2498,83,43,203.0,pending
2499,137,8,423.99,cancelled
2500,254,44,715.75,completed
2501,205,33,727.36,pending
2502,68,8,957.89,completed
2503,65,10,347.4,completed
2504,122,4,679.92,completed
2505,220,39,738.74,pending
2506,246,19,285.81,completed
2507,220,16,619.53,cancelled
2508,96,16,284.73,completed
2509,135,45,251.12,pending
2510,102,31,707.93,completed
2511,258,40,185.28,cancelled
2512,77,15,124.86,pending
2513,20,18,990.45,completed
2514,219,2,618.39,completed
2515,27,25,410.26,completed
2516,119,15,339.5,pending
2517,32,33,429.94,completed
2518,156,8,272.9,completed
2519,180,46,420.98,completed
2520,25,12,45.68,completed
2521,165,14,288.89,completed
2522,52,28,188.92,pending
2523,187,22,307.83,completed
2524,7,44,554.01,completed
2525,170,24,742.59,completed
2526,271,39,374.73,completed
2527,108,38,387.13,completed
2528,67,41,743.87,completed
2529,22,38,968.49,completed
2530,99,46,448.54,completed
2531,39,35,620.92,completed
2532,243,49,205.99,completed
2533,23,9,195.75,cancelled
2534,130,49,854.17,cancelled
2535,178,24,451.24,completed
2536,224,5,485.41,cancelled
2537,258,2,171.1,completed
2538,67,19,50.22,cancelled
2539,32,45,194.24,pending
2540,254,44,534.81,cancelled
2541,39,11,440.56,cancelled
2542,197,36,780.48,pending
2543,140,14,188.15,completed
2544,293,14,594.15,completed
2545,263,30,506.3,cancelled
2546,133,20,853.21,completed
2547,138,36,123.51,completed
2548,24,35,242.03,completed
2549,76,18,927.61,completed
2550,27,42,980.12,completed
2551,274,8,6.39,completed
2552,189,21,87.83,cancelled
2553,136,47,137.94,cancelled
2554,151,21,985.33,completed
2555,183,15,731.82,completed
2556,91,17,971.75,cancelled
2557,299,7,723.99,pending
2558,132,41,636.13,cancelled
2559,106,29,224.54,completed
2560,105,38,631.65,pending
2561,80,29,235.56,pending
2562,189,10,902.66,completed
2563,254,12,462.09,completed
2564,97,37,493.07,completed
2565,145,2,313.61,completed
2566,202,44,609.78,completed
2567,74,5,429.26,pending
2568,207,7,725.69,completed
2569,7,39,104.23,pending
2570,11,8,827.43,completed
2571,68,16,771.27,completed
2572,74,41,601.64,completed
2573,55,35,737.45,completed
2574,44,13,143.53,cancelled
2575,228,11,310.85,pending
2576,80,16,60.6,completed
2577,279,8,26.1,completed
2578,53,35,300.25,cancelled
2579,213,10,6.2,completed
2580,13,15,430.0,completed
2581,181,42,290.41,pending
2582,58,32,173.71,completed
2583,115,7,956.68,completed
2584,183,5,617.62,completed
2585,185,6,896.11,cancelled
2586,78,12,431.49,completed
2587,93,44,428.12,completed
2588,147,23,876.03,completed
2589,256,43,372.27,completed
2590,40,1,862.41,completed
2591,76,21,152.04,pending
2592,245,5,117.6,pending
2593,143,10,94.99,completed
2594,94,50,388.09,completed
2595,254,28,483.88,pending
2596,171,9,803.13,completed
2597,197,27,551.59,cancelled
2598,274,32,534.81,completed
2599,197,6,583.06,pending
2600,270,37,777.71,completed
2601,45,16,364.9,completed
2602,9,24,560.58,completed
2603,57,4,911.81,completed
2604,72,19,463.09,cancelled
2605,216,16,214.68,completed
2606,29,48,142.11,completed
2607,194,47,31.22,pending
2608,191,4,702.89,cancelled
2609,38,31,838.25,completed
2610,16,10,368.42,completed
2611,126,5,17.42,pending
2612,77,49,186.51,completed
2613,271,45,949.02,pending
2614,211,47,340.65,completed
2615,147,8,160.11,completed
2616,89,33,164.55,pending
2617,217,44,948.5,pending
2618,284,46,830.37,cancelled
2619,257,20,710.81,pending
2620,81,18,973.26,cancelled
2621,194,9,744.42,pending
2622,29,15,395.33,cancelled
2623,40,45,471.09,completed
2624,208,25,169.0,completed
2625,218,13,273.57,completed
2626,40,24,605.17,completed
2627,15,16,285.8,cancelled
2628,55,5,215.85,completed
2629,159,13,553.93,completed
2630,124,18,89.61,cancelled
2631,290,3,565.92,pending
2632,24,4,318.01,completed
2633,5,23,752.92,pending
2634,257,13,317.9,pending
2635,183,9,704.14,completed
2636,170,27,897.03,cancelled
2637,52,33,808.46,completed
2638,13,38,797.09,pending
2639,20,19,165.42,pending
2640,41,41,97.82,completed
2641,111,44,655.95,completed
2642,257,34,992.32,cancelled
2643,268,50,344.71,completed
2644,174,19,363.51,pending
2645,21,46,775.3,pending
2646,123,14,997.02,cancelled
2647,39,10,569.07,pending
2648,50,1,146.91,completed
2649,281,6,501.42,pending
2650,161,11,934.39,completed
2651,35,18,578.63,completed
2652,46,5,183.29,pending
2653,133,31,978.59,pending
2654,72,8,971.82,pending
2655,21,24,859.71,pending
2656,210,40,917.55,completed
2657,226,24,514.92,cancelled
2658,161,24,88.07,pending
2659,260,29,266.51,completed
2660,30,48,791.64,cancelled
2661,5,10,853.79,completed
2662,193,11,572.28,completed
2663,115,25,874.79,completed
2664,179,30,471.15,cancelled
2665,239,7,90.39,completed
2666,204,50,435.95,pending
2667,169,5,320.7,cancelled
2668,249,14,703.78,pending
2669,59,18,457.31,cancelled
2670,80,31,149.79,completed
2671,164,37,36.17,cancelled
2672,195,4,936.78,completed
2673,221,31,217.35,completed
2674,12,49,685.25,completed
2675,130,41,180.23,completed
2676,36,18,408.04,completed
2677,232,27,527.15,completed
2678,95,4,96.98,pending
2679,176,49,300.42,completed
2680,179,27,484.22,cancelled
2681,83,45,439.6,cancelled
2682,200,1,563.1,cancelled
2683,102,5,724.11,cancelled
2684,75,21,665.74,completed
2685,8,10,897.02,completed
2686,256,21,118.04,pending
2687,135,34,723.67,pending
2688,65,41,452.08,cancelled
2689,50,3,222.53,completed
2690,216,45,548.36,completed
2691,194,14,351.35,completed
2692,296,1,373.41,completed
2693,9,20,897.17,cancelled
2694,64,45,501.64,pending
2695,212,27,354.97,cancelled
2696,219,34,974.2,completed
2697,59,12,461.53,completed
2698,91,36,596.92,cancelled
2699,224,25,288.6,pending
2700,146,45,622.27,completed
2701,45,7,94.19,completed
2702,211,7,498.92,cancelled
2703,279,7,635.36,cancelled
2704,298,3,669.37,pending
2705,109,15,778.0,cancelled
2706,196,8,199.58,pending
2707,64,23,967.78,pending
2708,212,42,705.32,pending
2709,4,24,783.29,cancelled
2710,146,18,880.21,completed
2711,158,27,674.93,completed
2712,213,3,20.45,completed
2713,192,34,820.93,cancelled
2714,163,22,174.56,cancelled
2715,221,16,557.96,pending
2716,99,40,646.21,completed
2717,296,28,133.23,pending
2718,89,26,904.65,cancelled
2719,82,28,234.81,completed
2720,259,8,633.28,pending
2721,134,36,163.26,completed
2722,105,6,97.8,pending
2723,6,41,771.18,completed
2724,15,40,709.04,completed
2725,293,25,30.16,completed
2726,233,41,633.34,completed
2727,96,16,654.26,completed
2728,153,13,537.74,completed
2729,194,50,264.18,completed
2730,141,6,935.3,completed
2731,297,7,115.38,cancelled
2732,63,7,146.13,completed
2733,93,6,81.99,completed
2734,107,26,105.17,completed
2735,212,5,489.08,completed
2736,108,44,422.81,completed
2737,231,11,183.91,completed
2738,92,43,569.46,cancelled
2739,17,8,976.04,completed
2740,248,40,601.99,completed
2741,82,34,742.99,completed
2742,99,39,34.41,completed
2743,266,33,762.16,completed
2744,187,8,899.08,completed
2745,168,9,223.66,completed
2746,138,18,484.17,completed
2747,179,46,553.74,completed
2748,240,48,809.97,pending
2749,263,26,922.74,completed
2750,89,13,688.62,completed
2751,202,7,585.73,cancelled
2752,160,11,795.13,pending
2753,222,29,426.62,completed
2754,164,40,112.02,pending
2755,220,13,569.31,completed
2756,33,29,171.41,completed
2757,262,17,588.93,completed
2758,272,23,401.32,completed
2759,93,21,432.24,completed
2760,184,16,77.28,completed
2761,191,10,780.62,completed
2762,5,21,689.85,completed
2763,110,30,569.63,completed
2764,120,36,70.9,completed
2765,109,34,221.38,cancelled
2766,143,46,609.86,completed
2767,294,42,424.64,pending
2768,163,21,202.16,completed
2769,253,32,51.56,completed
2770,216,8,128.47,completed
2771,168,38,385.94,cancelled
2772,11,19,22.75,cancelled
2773,3,30,287.94,pending
2774,19,35,918.44,completed
2775,173,42,21.19,pending
2776,49,27,724.64,completed
2777,163,49,349.1,completed
2778,285,50,316.61,cancelled
2779,25,26,301.95,pending
2780,253,42,967.32,completed
2781,192,40,107.23,completed
2782,25,1,143.04,completed
2783,224,15,174.34,completed
2784,189,35,989.62,completed
2785,133,3,115.25,completed
2786,39,17,332.68,cancelled
2787,195,18,700.17,completed
2788,299,30,124.3,completed
2789,76,49,586.21,pending
2790,229,43,126.76,cancelled
2791,124,37,480.54,pending
2792,144,21,773.78,pending
2793,116,6,267.49,completed
2794,43,23,560.72,completed
2795,106,45,82.63,pending
2796,31,14,18.06,completed
2797,240,25,191.98,completed
2798,175,14,814.93,cancelled
2799,264,21,761.69,completed
2800,233,42,158.23,cancelled
2801,55,9,222.69,completed
2802,198,29,868.52,cancelled
2803,104,50,403.2,completed
2804,143,28,168.38,completed
2805,296,42,106.55,pending
2806,55,48,114.65,completed
2807,236,12,270.42,pending
2808,272,29,355.2,completed
2809,282,6,357.65,completed
2810,78,26,504.68,cancelled
2811,171,4,444.13,completed
2812,51,4,650.38,pending
2813,100,19,193.5,completed
2814,142,34,609.41,cancelled
2815,222,7,682.75,completed
2816,57,15,119.61,completed
2817,295,18,242.57,cancelled
2818,52,18,230.33,cancelled
2819,208,26,395.92,completed
2820,138,32,209.68,completed
2821,178,41,291.55,cancelled
2822,148,47,8.09,completed
2823,258,45,624.01,completed
2824,123,11,318.54,completed
2825,86,12,335.49,pending
2826,73,1,667.7,pending
2827,172,2,181.63,completed
2828,40,11,680.81,completed
2829,181,31,585.24,pending
2830,127,31,113.84,completed
2831,291,44,990.46,completed
2832,269,33,171.47,completed
2833,49,7,308.08,completed
2834,232,32,736.14,cancelled
2835,132,43,489.06,completed
2836,235,1,828.61,completed
2837,171,34,775.65,cancelled
2838,248,8,273.59,cancelled
2839,11,10,978.74,completed
2840,73,23,500.34,completed
2841,296,48,697.33,pending
2842,185,14,745.64,completed
2843,194,41,112.39,completed
2844,279,29,987.4,cancelled
2845,90,17,910.78,completed
2846,170,26,591.2,completed
2847,159,13,45.89,cancelled
2848,176,40,127.35,pending
2849,291,23,291.97,completed
2850,256,44,151.4,completed
2851,268,19,625.68,completed
2852,156,32,291.82,completed
2853,8,30,45.75,completed
2854,64,4,490.92,completed
2855,221,23,661.95,completed
2856,26,17,142.03,completed
2857,258,43,958.73,cancelled
2858,80,6,714.63,completed
2859,101,28,587.3,completed
2860,149,15,36.98,completed
2861,128,44,638.86,pending
2862,205,7,893.57,completed
2863,160,12,566.09,completed
2864,297,9,684.9,completed
2865,129,9,419.23,completed
2866,155,20,90.17,cancelled
2867,237,35,187.46,pending
2868,50,9,528.94,completed
2869,258,44,714.04,pending
2870,182,28,469.22,pending
2871,237,2,913.0,completed
2872,216,6,757.08,cancelled
2873,155,16,582.42,completed
2874,66,40,545.55,cancelled
2875,151,4,756.56,pending
2876,65,26,671.73,pending
2877,266,30,840.0,completed
2878,29,18,830.74,completed
2879,171,39,101.91,completed
2880,290,31,692.14,completed
2881,63,48,586.69,cancelled
2882,28,45,209.04,completed
2883,288,48,967.44,completed
2884,115,44,641.47,completed
2885,155,41,314.34,completed
2886,249,40,689.34,completed
2887,35,1,157.26,completed
2888,267,7,250.97,completed
2889,243,2,833.56,pending
2890,201,4,926.41,completed
2891,208,31,982.78,completed
2892,280,17,822.58,pending
2893,64,28,150.52,completed
2894,95,10,819.46,completed
2895,88,33,742.96,cancelled
2896,103,31,483.06,completed
2897,52,38,495.5,completed
2898,201,25,699.16,completed
2899,238,27,814.43,completed
2900,15,19,459.8,cancelled
2901,200,1,582.64,completed
2902,228,3,908.57,completed
2903,72,30,883.01,pending
2904,142,1,981.84,completed
2905,257,33,214.73,cancelled
2906,200,33,67.45,completed
2907,181,42,720.61,completed
2908,236,46,859.37,completed
2909,143,49,660.15,pending
2910,35,42,486.33,pending
2911,93,37,709.96,cancelled
2912,270,17,133.77,completed
2913,298,23,586.57,pending
2914,35,3,34.37,completed
2915,119,7,666.93,pending
2916,244,21,761.11,completed
2917,54,12,729.52,pending
2918,216,5,66.62,completed
2919,59,3,847.57,completed
2920,227,49,377.45,completed
2921,90,21,112.12,pending
2922,194,9,988.93,cancelled
2923,285,13,199.74,pending
2924,225,44,289.66,completed
2925,83,28,814.77,completed
2926,45,38,29.12,completed
2927,105,3,810.96,completed
2928,185,50,410.99,cancelled
2929,37,22,189.38,cancelled
2930,255,13,833.24,cancelled
2931,243,33,355.35,cancelled
2932,287,9,802.59,pending
2933,219,41,379.24,completed
2934,292,6,131.56,cancelled
2935,153,7,122.34,completed
2936,27,39,542.84,completed
2937,115,19,922.66,completed
2938,200,46,361.12,completed
2939,148,5,536.75,completed
2940,266,40,502.55,pending
2941,30,35,699.03,completed
2942,299,31,937.24,completed
2943,16,3,341.36,completed
2944,103,22,888.59,completed
2945,72,14,549.35,completed
2946,32,16,496.09,cancelled
2947,19,23,981.15,pending
2948,42,36,481.38,completed
2949,139,47,46.53,completed
2950,255,33,229.12,completed
2951,221,31,306.9,completed
2952,11,4,31.22,completed
2953,274,39,860.99,completed
2954,283,31,56.88,pending
2955,65,28,702.83,cancelled
2956,71,8,440.76,cancelled
2957,189,23,197.68,pending
2958,30,16,235.87,cancelled
2959,6,15,416.0,cancelled
2960,291,3,990.98,completed
2961,128,4,81.23,completed
2962,225,12,286.18,completed
2963,180,39,656.93,completed
2964,150,9,608.09,pending
2965,63,43,81.42,completed
2966,279,14,497.45,completed
2967,113,29,714.57,completed
2968,283,19,869.63,completed
2969,270,18,322.26,cancelled
2970,258,7,58.73,pending
2971,249,18,83.05,completed
2972,267,15,308.41,cancelled
2973,108,8,375.53,completed
2974,19,16,699.85,pending
2975,59,2,501.41,completed
2976,139,18,590.3,completed
2977,44,4,282.7,cancelled
2978,197,32,23.75,pending
2979,197,29,49.19,completed
2980,195,12,661.63,cancelled
2981,27,43,308.62,cancelled
2982,179,2,910.5,completed
2983,135,49,593.0,completed
2984,175,47,830.09,pending
2985,219,47,928.92,completed
2986,56,36,391.17,completed
2987,274,30,426.72,cancelled
2988,266,17,166.74,pending
2989,240,48,992.65,completed
2990,68,1,284.3,completed
2991,44,16,772.48,completed
2992,173,37,397.63,cancelled
2993,141,24,272.4,completed
2994,7,8,310.36,completed
2995,136,12,446.59,completed
2996,226,1,469.11,completed
2997,246,41,845.1,completed
2998,210,4,581.67,completed
2999,142,40,553.69,completed
3000,226,12,261.72,completed
